['data', 'log.txt', 'requirements.txt', 'test.py', 'venv']
                             Magnitude_mean  Magnitude_std_dev  Magnitude_var  Magnitude_avg_diff_mean  Magnitude_above_mean_rt  Magnitude_median  Magnitude_med_dev  Magnitude_iqr  Magnitude_skewness  Magnitude_kurtosis  Magnitude_min  Magnitude_max  Magnitude_maxmin_diff  Magnitude_peaks_rt  Magnitude_rest_rt  Magnitude_ssc_rt  Magnitude_rms  Magnitude_energy  Magnitude_sampen  Magnitude_dfa  PC1_mean  PC1_mean_abs  PC1_std_dev   PC1_var  PC1_avg_diff_mean  PC1_above_mean_rt  PC1_median  PC1_med_dev   PC1_iqr  PC1_skewness  PC1_kurtosis   PC1_min   PC1_max  PC1_maxmin_diff  PC1_pos_rt  PC1_zero_cross_rt  PC1_peaks_rt  PC1_rest_rt  PC1_ssc_rt   PC1_rms  PC1_energy  PC1_sampen   PC1_dfa  Magnitude_fft_mean  Magnitude_fft_std_dev  Magnitude_fft_var  Magnitude_fft_avg_diff_mean  Magnitude_fft_above_mean_rt  Magnitude_fft_median  Magnitude_fft_med_dev  Magnitude_fft_iqr  Magnitude_fft_skewness  Magnitude_fft_kurtosis  Magnitude_fft_min  Magnitude_fft_max  Magnitude_fft_maxmin_diff  Magnitude_fft_peaks_rt  Magnitude_fft_rest_rt  Magnitude_fft_ssc_rt  Magnitude_fft_rms  Magnitude_fft_tot_power  Magnitude_fft_dom_freq_rt  Magnitude_fft_energy  Magnitude_fft_entropy  Magnitude_fft_flatness  PC1_fft_mean  PC1_fft_std_dev  PC1_fft_var  PC1_fft_avg_diff_mean  PC1_fft_above_mean_rt  PC1_fft_median  PC1_fft_med_dev  PC1_fft_iqr  PC1_fft_skewness  PC1_fft_kurtosis  PC1_fft_min  PC1_fft_max  PC1_fft_maxmin_diff  PC1_fft_peaks_rt  PC1_fft_rest_rt  PC1_fft_ssc_rt  PC1_fft_rms  PC1_fft_tot_power  PC1_fft_dom_freq_rt  PC1_fft_energy  PC1_fft_dom_freq  PC1_fft_pw_ar_dom_freq  PC1_fft_entropy  PC1_fft_flatness  Constancy_of_rest  Kinetic_tremor  Postural_tremor  Rest_tremor
Magnitude_mean                     1.000000           0.904330       0.766066                 0.947954                 0.005690          0.971283           0.973763       0.969532           -0.035985           -0.060791       0.790995       0.768423               0.766574           -0.627211          -0.943483         -0.627205       0.974967          0.888899         -0.283862       0.463347 -0.022049      0.987770     0.951274  0.839612           0.987770          -0.044530   -0.085229     0.957255  0.957308      0.014461     -0.062730 -0.773872  0.767196         0.791741   -0.044688          -0.573142     -0.548650    -0.906449   -0.548990  0.951274    0.839612   -0.215867  0.295219            0.911217               0.924586           0.608909                     0.911680                     0.210975              0.752263               0.758730           0.847077                0.078562                0.078616           0.038297           0.924470                   0.924470                0.057537              -0.792311              0.057675           0.924597                 0.911217                  -0.062224              0.911217               0.101951               -0.133498      0.839612         0.691897     0.222006               0.831471              -0.248415        0.246599         0.252432     0.612551          0.211731          0.172779     0.191668     0.586644             0.586643         -0.146718        -0.810055       -0.147519     0.699817           0.839612             0.219285        0.839612         -0.315772                0.768049        -0.271326         -0.062671          -0.040368       -0.146892        -0.128008    -0.027933
Magnitude_std_dev                  0.904330           1.000000       0.894483                 0.981400                -0.243575          0.786453           0.855755       0.903687            0.194639            0.120412       0.582131       0.928480               0.927882           -0.564416          -0.843760         -0.564393       0.976127          0.896392         -0.498832       0.623364 -0.017995      0.909697     0.971423  0.876518           0.909702          -0.049010   -0.077775     0.775222  0.775319      0.048224      0.140688 -0.911095  0.906046         0.933611   -0.044994          -0.525001     -0.491141    -0.844094   -0.491461  0.971423    0.876518   -0.479808  0.385446            0.876602               0.815988           0.538981                     0.870979                     0.435279              0.810837               0.813966           0.880505               -0.186741               -0.184997           0.073118           0.811118                   0.811118               -0.092918              -0.909488             -0.092847           0.816174                 0.876602                  -0.364683              0.876602               0.392088               -0.023987      0.876518         0.736570     0.291649               0.869860              -0.199261        0.279088         0.283911     0.646372          0.092479          0.063036     0.215871     0.614874             0.614874         -0.194068        -0.811623       -0.194889     0.744503           0.876518             0.104633        0.876518         -0.318149                0.818804        -0.201076         -0.055509          -0.038850       -0.138569        -0.097842    -0.049989
Magnitude_var                      0.766066           0.894483       1.000000                 0.867819                -0.147962          0.638533           0.714668       0.769892            0.130036            0.081989       0.470919       0.811981               0.811626           -0.397915          -0.756996         -0.397883       0.851482          0.950878         -0.305281       0.408392 -0.041082      0.775987     0.853576  0.944300           0.775991          -0.057407   -0.110085     0.623880  0.624332      0.038941      0.089112 -0.788959  0.795788         0.814350   -0.061017          -0.377721     -0.345018    -0.780958   -0.345123  0.853575    0.944299   -0.315793  0.265523            0.912147               0.817116           0.703088                     0.906861                     0.284465              0.818793               0.820767           0.897470               -0.119241               -0.116613           0.078242           0.809616                   0.809616               -0.037868              -0.938430             -0.037835           0.817382                 0.912147                  -0.237695              0.912147               0.254262               -0.030456      0.944299         0.887056     0.540655               0.943803              -0.171326        0.281141         0.284442     0.645720          0.095016          0.066424     0.221416     0.790588             0.790588         -0.086244        -0.848383       -0.086963     0.892109           0.944299             0.116400        0.944299         -0.213575                0.923868        -0.199849         -0.042569          -0.056180       -0.087195        -0.057941    -0.050291
Magnitude_avg_diff_mean            0.947954           0.981400       0.867819                 1.000000                -0.149824          0.847393           0.915790       0.961123            0.068833            0.007074       0.630684       0.856738               0.855776           -0.587985          -0.892548         -0.587975       0.987340          0.908093         -0.450022       0.569992 -0.021928      0.950097     0.977035  0.880021           0.950101          -0.054278   -0.088147     0.832943  0.833065      0.032904      0.031224 -0.852548  0.848538         0.873994   -0.050824          -0.542764     -0.511605    -0.884693   -0.511974  0.977035    0.880021   -0.424295  0.351589            0.901341               0.863688           0.578181                     0.898461                     0.344520              0.791224               0.795476           0.874230               -0.097384               -0.099041           0.053076           0.859790                   0.859790               -0.055267              -0.868145             -0.055183           0.863815                 0.901341                  -0.263111              0.901341               0.286852               -0.077188      0.880021         0.751069     0.308968               0.873477              -0.226990        0.277946         0.282669     0.639018          0.142733          0.105046     0.211760     0.640875             0.640875         -0.182834        -0.813865       -0.183677     0.758531           0.880021             0.154132        0.880021         -0.320740                0.819697        -0.240636         -0.063392          -0.043771       -0.141167        -0.106853    -0.050300
Magnitude_above_mean_rt            0.005690          -0.243575      -0.147962                -0.149824                 1.000000          0.128183           0.086162       0.028876           -0.725022           -0.485035       0.128745      -0.320340              -0.321576            0.070585          -0.021335          0.070582      -0.124636         -0.048221          0.831127      -0.647182 -0.000852     -0.013826    -0.146528 -0.069579          -0.013834          -0.017724   -0.004194     0.112533  0.112574     -0.069100     -0.572923  0.297050 -0.299346        -0.306465   -0.019008           0.086761      0.063216     0.012192    0.063263 -0.146528   -0.069579    0.759969 -0.303290           -0.012530               0.051082           0.031100                    -0.006793                    -0.757901             -0.089709              -0.087063          -0.074560                0.765893                0.760681          -0.038809           0.055542                   0.055542                0.476467               0.185304              0.476310           0.050924                -0.012530                   0.929795             -0.012530              -0.906431               -0.262513     -0.069579        -0.053745    -0.032679              -0.069369               0.057581       -0.043977        -0.044535    -0.067415          0.192490          0.181626    -0.039763    -0.027049            -0.027049          0.312967         0.028545        0.312974    -0.054708          -0.069579             0.193989       -0.069579          0.192441               -0.072870        -0.025109         -0.017898           0.002014        0.073671         0.033840     0.059823
Magnitude_median                   0.971283           0.786453       0.638533                 0.847393                 0.128183          1.000000           0.962600       0.917288           -0.116841           -0.110426       0.843770       0.649195               0.646865           -0.612152          -0.918614         -0.612137       0.900056          0.813925         -0.142748       0.351487 -0.022062      0.949572     0.868070  0.752087           0.949568          -0.035675   -0.079576     0.984764  0.984754     -0.000824     -0.130135 -0.661945  0.653659         0.675874   -0.038899          -0.555107     -0.537042    -0.862599   -0.537334  0.868070    0.752087   -0.051550  0.234251            0.856181               0.906227           0.589316                     0.859025                     0.095698              0.673240               0.680987           0.770247                0.205098                0.206858           0.023757           0.908994                   0.908994                0.140587              -0.682162              0.140748           0.906151                 0.856181                   0.092653              0.856181              -0.043323               -0.165618      0.752087         0.600042     0.141567               0.743199              -0.244317        0.204838         0.210993     0.548615          0.246227          0.209076     0.161902     0.506014             0.506014         -0.106558        -0.751887       -0.107274     0.607786           0.752087             0.250483        0.752087         -0.289744                0.676400        -0.272671         -0.058107          -0.034009       -0.141060        -0.132724    -0.011350
Magnitude_med_dev                  0.973763           0.855755       0.714668                 0.915790                 0.086162          0.962600           1.000000       0.978246           -0.091595           -0.099816       0.735263       0.708692               0.706962           -0.605430          -0.921570         -0.605359       0.934437          0.847259         -0.248039       0.416635 -0.017891      0.961680     0.909106  0.793077           0.961678          -0.050934   -0.094120     0.941064  0.941081      0.007478     -0.106117 -0.717093  0.711564         0.733997   -0.051091          -0.550558     -0.526878    -0.884262   -0.527247  0.909106    0.793077   -0.181424  0.270012            0.873911               0.895453           0.586136                     0.874416                     0.161990              0.722427               0.729581           0.815087                0.158290                0.159652           0.029040           0.896572                   0.896572                0.110173              -0.743313              0.110268           0.895437                 0.873911                   0.001202              0.873911               0.046475               -0.141177      0.793076         0.643791     0.183834               0.784081              -0.226849        0.220589         0.226037     0.568231          0.206545          0.166817     0.169411     0.545863             0.545863         -0.106800        -0.774304       -0.107566     0.651632           0.793076             0.213163        0.793076         -0.295799                0.717157        -0.252548         -0.062309          -0.030875       -0.142397        -0.116046    -0.024652
Magnitude_iqr                      0.969532           0.903687       0.769892                 0.961123                 0.028876          0.917288           0.978246       1.000000           -0.066780           -0.089359       0.687295       0.748896               0.747460           -0.601125          -0.919269         -0.601068       0.956751          0.869587         -0.329728       0.462878 -0.015591      0.963994     0.936929  0.826041           0.963996          -0.058908   -0.093660     0.896798  0.896913      0.016504     -0.082443 -0.753938  0.751255         0.773357   -0.053515          -0.547810     -0.522990    -0.894091   -0.523410  0.936929    0.826041   -0.285123  0.291064            0.884321               0.885134           0.582084                     0.883954                     0.213617              0.744963               0.750823           0.834358                0.080851                0.078921           0.036582           0.884051                   0.884051                0.051358              -0.776597              0.051446           0.885165                 0.884321                  -0.082566              0.884321               0.118144               -0.125590      0.826041         0.689797     0.240442               0.818101              -0.231208        0.246920         0.252146     0.594039          0.193345          0.151786     0.186694     0.590813             0.590813         -0.131078        -0.784207       -0.131908     0.697285           0.826041             0.202091        0.826041         -0.303231                0.756111        -0.256546         -0.063614          -0.037485       -0.140812        -0.111974    -0.035963
Magnitude_skewness                -0.035985           0.194639       0.130036                 0.068833                -0.725022         -0.116841          -0.091595      -0.066780            1.000000            0.916392      -0.110157       0.403936               0.405267            0.001380           0.047579          0.001617       0.084291          0.032648         -0.599470       0.523639  0.015394     -0.021901     0.102120  0.047512          -0.021897          -0.008150    0.003829    -0.105491 -0.105628      0.179398      0.831909 -0.322235  0.338194         0.339534    0.000384          -0.016393      0.012358     0.019728    0.012331  0.102120    0.047512   -0.517850  0.257710           -0.001872              -0.064401          -0.049843                    -0.010315                     0.814799              0.141318               0.135077           0.104883               -0.505489               -0.491500           0.215501          -0.067264                  -0.067264               -0.262356              -0.182506             -0.262271          -0.064242                -0.001872                  -0.763799             -0.001872               0.832321                0.489084      0.047512         0.013808    -0.008196               0.045270               0.122546        0.078550         0.085399     0.096176         -0.258469         -0.216086     0.080816    -0.016512            -0.016512         -0.157167        -0.020893       -0.157217     0.015527           0.047512            -0.251098        0.047512         -0.097617                0.041142         0.191721          0.182787           0.021774       -0.042960        -0.019587    -0.022366
Magnitude_kurtosis                -0.060791           0.120412       0.081989                 0.007074                -0.485035         -0.110426          -0.099816      -0.089359            0.916392            1.000000      -0.095398       0.342229               0.343365            0.048211           0.061929          0.048532       0.034904          0.004696         -0.381967       0.334173  0.025663     -0.052673     0.046380  0.013945          -0.052667          -0.026236    0.006238    -0.103058 -0.103169      0.262870      0.888313 -0.243832  0.269476         0.264060   -0.007845           0.032573      0.055540     0.042766    0.055663  0.046382    0.013946   -0.338419  0.177184           -0.022217              -0.070551          -0.050583                    -0.029619                     0.686644              0.129508               0.119672           0.081591               -0.379957               -0.364427           0.415864          -0.072536                  -0.072536               -0.169522              -0.123231             -0.169389          -0.070423                -0.022217                  -0.567670             -0.022217               0.647923                0.635228      0.013946        -0.011008    -0.014594               0.011689               0.217294        0.123736         0.137079     0.093700         -0.230898         -0.176549     0.118017    -0.030647            -0.030647         -0.090418         0.006523       -0.090427    -0.009704           0.013946            -0.220966        0.013946         -0.018491                0.008268         0.249657          0.342345           0.014912       -0.008947        -0.007010    -0.013242
Magnitude_min                      0.790995           0.582131       0.470919                 0.630684                 0.128745          0.843770           0.735263       0.687295           -0.110157           -0.095398       1.000000       0.481492               0.478126           -0.512686          -0.747619         -0.512730       0.705851          0.651677         -0.026306       0.225963 -0.023591      0.760913     0.671591  0.589329           0.760906          -0.008568   -0.045099     0.833673  0.833545     -0.013870     -0.123952 -0.491996  0.479734         0.499138   -0.013624          -0.463660     -0.454787    -0.685324   -0.455035  0.671591    0.589329    0.073733  0.153642            0.699497               0.764448           0.521633                     0.703978                     0.019078              0.517167               0.523770           0.604556                0.199717                0.201217           0.017959           0.767854                   0.767854                0.132677              -0.511336              0.132819           0.764338                 0.699497                   0.152550              0.699497              -0.113761               -0.157041      0.589329         0.472193     0.104010               0.582583              -0.222795        0.149867         0.156263     0.433562          0.262565          0.237429     0.135268     0.406016             0.406016         -0.083052        -0.599329       -0.083594     0.478103           0.589329             0.262244        0.589329         -0.240389                0.526459        -0.258200         -0.043320          -0.049359       -0.114894        -0.135687     0.019266
Magnitude_max                      0.768423           0.928480       0.811981                 0.856738                -0.320340          0.649195           0.708692       0.748896            0.403936            0.342229       0.481492       1.000000               0.999993           -0.479320          -0.705271         -0.479250       0.871509          0.774062         -0.510172       0.642788  0.002369      0.774020     0.869299  0.755855           0.774024          -0.042932   -0.056580     0.643494  0.643426      0.088628      0.316621 -0.923397  0.929944         0.952354   -0.035330          -0.449250     -0.410418    -0.707080   -0.410670  0.869299    0.755854   -0.492756  0.393221            0.743250               0.665706           0.399659                     0.732560                     0.554053              0.787523               0.788431           0.826092               -0.257231               -0.250783           0.112765           0.661122                   0.661122               -0.120980              -0.872404             -0.120914           0.665933                 0.743250                  -0.459208              0.743250               0.507799                0.092526      0.755854         0.589197     0.171364               0.746725              -0.082833        0.244352         0.250641     0.604384         -0.010715         -0.017268     0.195346     0.461240             0.461239         -0.177527        -0.717203       -0.178260     0.597973           0.755854            -0.000158        0.755854         -0.284459                0.688830        -0.068115         -0.027696          -0.028232       -0.124348        -0.093600    -0.032543
Magnitude_maxmin_diff              0.766574           0.927882       0.811626                 0.855776                -0.321576          0.646865           0.706962       0.747460            0.405267            0.343365       0.478126       0.999993               1.000000           -0.478083          -0.703480         -0.478013       0.870250          0.772835         -0.511129       0.643149  0.002477      0.772315     0.868185  0.754862           0.772319          -0.042985   -0.056502     0.641196  0.641128      0.088875      0.317828 -0.923182  0.929798         0.952169   -0.035344          -0.448164     -0.409290    -0.705565   -0.409541  0.868185    0.754862   -0.494114  0.393374            0.741749               0.663757           0.398215                     0.731017                     0.555133              0.786913               0.787794           0.825180               -0.258646               -0.252191           0.112923           0.659149                   0.659149               -0.121815              -0.871998             -0.121749           0.663986                 0.741749                  -0.460841              0.741749               0.509363                0.093408      0.754862         0.588368     0.171268               0.745744              -0.082032        0.244209         0.250484     0.603755         -0.011887         -0.018344     0.195164     0.460431             0.460431         -0.177536        -0.716085       -0.178269     0.597136           0.754862            -0.001307        0.754862         -0.284004                0.687972        -0.067128         -0.027564          -0.028075       -0.124106        -0.093203    -0.032695
Magnitude_peaks_rt                -0.627211          -0.564416      -0.397915                -0.587985                 0.070585         -0.612152          -0.605430      -0.601125            0.001380            0.048211      -0.512686      -0.479320              -0.478083            1.000000           0.495126          0.999944      -0.610843         -0.462978          0.381702      -0.539851  0.023902     -0.602884    -0.583475 -0.428599          -0.602883          -0.005336    0.013360    -0.587180 -0.587283      0.035336      0.044525  0.492135 -0.463103        -0.490458   -0.001205           0.925962      0.894501     0.440098    0.894768 -0.583475   -0.428600    0.254423 -0.384066           -0.474979              -0.482485          -0.250022                    -0.477222                    -0.251684             -0.295225              -0.296937          -0.387024               -0.058747               -0.059937          -0.011023          -0.482583                  -0.482583               -0.035802               0.434827             -0.035879          -0.482493                -0.474979                   0.100898             -0.474979              -0.124621                0.251242     -0.428600        -0.361703    -0.085609              -0.427371               0.558426       -0.117255        -0.119476    -0.287185         -0.385741         -0.307540    -0.098325    -0.311803            -0.311803          0.234638         0.388638        0.234997    -0.365147          -0.428600            -0.399981       -0.428600          0.533113               -0.417319         0.556311          0.057575           0.015869        0.173966         0.069880    -0.068102
Magnitude_rest_rt                 -0.943483          -0.843760      -0.756996                -0.892548                -0.021335         -0.918614          -0.921570      -0.919269            0.047579            0.061929      -0.747619      -0.705271              -0.703480            0.495126           1.000000          0.495143      -0.915259         -0.901281          0.202141      -0.357465  0.024318     -0.933419    -0.894725 -0.848916          -0.933421           0.047906    0.094893    -0.903962 -0.904081     -0.015730      0.058112  0.713588 -0.712974        -0.732980    0.048117           0.446837      0.418908     0.967735    0.419194 -0.894725   -0.848916    0.170111 -0.228144           -0.930756              -0.956581          -0.672101                    -0.931895                    -0.147501             -0.747887              -0.754761          -0.855676               -0.051600               -0.050941          -0.034871          -0.956955                  -0.956955               -0.042573               0.792957             -0.042683          -0.956565                -0.930756                   0.034911             -0.930756              -0.060845                0.115450     -0.848916        -0.688040    -0.198008              -0.839734               0.175257       -0.244337        -0.250067    -0.613145         -0.154167         -0.119766    -0.187284    -0.578408            -0.578408          0.089112         0.875138        0.089782    -0.696410          -0.848916            -0.156797       -0.848916          0.250670               -0.770597         0.195479          0.049077           0.081129        0.101912         0.102633     0.063246
Magnitude_ssc_rt                  -0.627205          -0.564393      -0.397883                -0.587975                 0.070582         -0.612137          -0.605359      -0.601068            0.001617            0.048532      -0.512730      -0.479250              -0.478013            0.999944           0.495143          1.000000      -0.610830         -0.462964          0.381638      -0.539722  0.023845     -0.602854    -0.583434 -0.428533          -0.602853          -0.005321    0.013413    -0.587164 -0.587268      0.035360      0.044748  0.492045 -0.463070        -0.490396   -0.001179           0.926058      0.894463     0.440092    0.894723 -0.583435   -0.428534    0.254351 -0.383979           -0.474971              -0.482491          -0.250057                    -0.477218                    -0.251632             -0.295092              -0.296821          -0.386974               -0.058702               -0.059876          -0.010752          -0.482589                  -0.482589               -0.035529               0.434833             -0.035605          -0.482500                -0.474971                   0.100831             -0.474971              -0.124523                0.251696     -0.428534        -0.361629    -0.085545              -0.427304               0.558374       -0.116643        -0.118894    -0.287381         -0.385834         -0.307636    -0.098057    -0.311750            -0.311750          0.234346         0.388570        0.234708    -0.365072          -0.428534            -0.400045       -0.428534          0.533096               -0.417277         0.556340          0.058513           0.015911        0.173679         0.070006    -0.068278
Magnitude_rms                      0.974967           0.976127       0.851482                 0.987340                -0.124636          0.900056           0.934437       0.956751            0.084291            0.034904       0.705851       0.871509               0.870250           -0.610843          -0.915259         -0.610830       1.000000          0.914681         -0.400394       0.557100 -0.021337      0.971224     0.985445  0.879816           0.971226          -0.047024   -0.082311     0.887104  0.887186      0.033263      0.045852 -0.865289  0.859190         0.885988   -0.045050          -0.562880     -0.533834    -0.895826   -0.534163  0.985445    0.879816   -0.358089  0.350083            0.915730               0.891157           0.587110                     0.913108                     0.332954              0.801281               0.806125           0.884745               -0.065167               -0.063961           0.058170           0.888510                   0.888510               -0.021904              -0.872532             -0.021791           0.891260                 0.915730                  -0.221968              0.915730               0.255326               -0.078915      0.879817         0.732403     0.263449               0.872311              -0.230395        0.270001         0.275469     0.646058          0.157654          0.123444     0.209337     0.615808             0.615808         -0.177019        -0.831242       -0.177847     0.740530           0.879817             0.167832        0.879817         -0.324742                0.814227        -0.243270         -0.060336          -0.041397       -0.146064        -0.116491    -0.041149
Magnitude_energy                   0.888899           0.896392       0.950878                 0.908093                -0.048221          0.813925           0.847259       0.869587            0.032648            0.004696       0.651677       0.774062               0.772835           -0.462978          -0.901281         -0.462964       0.914681          1.000000         -0.234423       0.370059 -0.037138      0.886377     0.902685  0.964530           0.886379          -0.058412   -0.124947     0.797497  0.797872      0.027367      0.004614 -0.763310  0.769080         0.787435   -0.062890          -0.430563     -0.398632    -0.899828   -0.398798  0.902685    0.964529   -0.214744  0.243723            0.994220               0.955410           0.806939                     0.992592                     0.203590              0.829281               0.834193           0.935564               -0.007967               -0.006313           0.060715           0.951549                   0.951549                0.020673              -0.921660              0.020784           0.955546                 0.994220                  -0.112397              0.994220               0.136578               -0.082545      0.964529         0.875481     0.461343               0.961001              -0.194744        0.269329         0.274055     0.657303          0.150417          0.116158     0.212692     0.777868             0.777868         -0.078552        -0.906875       -0.079286     0.881625           0.964529             0.166470        0.964529         -0.236631                0.921572        -0.229687         -0.047910          -0.070838       -0.096909        -0.083953    -0.051655
Magnitude_sampen                  -0.283862          -0.498832      -0.305281                -0.450022                 0.831127         -0.142748          -0.248039      -0.329728           -0.599470           -0.381967      -0.026306      -0.510172              -0.511129            0.381702           0.202141          0.381638      -0.400394         -0.234423          1.000000      -0.825494 -0.011497     -0.298062    -0.410882 -0.240808          -0.298071           0.008605    0.013231    -0.137188 -0.137122     -0.071026     -0.457119  0.488560 -0.489963        -0.502797   -0.000948           0.368710      0.338016     0.215844    0.338395 -0.410882   -0.240808    0.922017 -0.420072           -0.204501              -0.145715          -0.054323                    -0.199027                    -0.805985             -0.248281              -0.246739          -0.254079                0.629183                0.630517          -0.048505          -0.141243                  -0.141243                0.430489               0.341619              0.430389          -0.145862                -0.204501                   0.899244             -0.204501              -0.892838               -0.176230     -0.240809        -0.189606    -0.058656              -0.238268               0.184902       -0.102989        -0.105077    -0.195108          0.074320          0.087761    -0.080429    -0.142846            -0.142846          0.349566         0.166640        0.349952    -0.192381          -0.240809             0.069853       -0.240809          0.332407               -0.224301         0.114890          0.013362          -0.008794        0.134341         0.060006     0.043130
Magnitude_dfa                      0.463347           0.623364       0.408392                 0.569992                -0.647182          0.351487           0.416635       0.462878            0.523639            0.334173       0.225963       0.642788               0.643149           -0.539851          -0.357465         -0.539722       0.557100          0.370059         -0.825494       1.000000  0.008046      0.468779     0.558257  0.364166           0.468783          -0.029759   -0.026268     0.347781  0.347471      0.066439      0.366970 -0.620447  0.614261         0.634335   -0.027771          -0.510549     -0.489843    -0.356105   -0.489916  0.558257    0.364166   -0.729722  0.553465            0.348322               0.298717           0.118358                     0.343063                     0.735538              0.338521               0.340212           0.376374               -0.415485               -0.410234           0.016613           0.295996                   0.295996               -0.204568              -0.488976             -0.204459           0.298855                 0.348322                  -0.711090              0.348322               0.746032                0.015276      0.364165         0.266314     0.031259               0.359734              -0.266781        0.102230         0.103415     0.273580         -0.017273         -0.045515     0.068635     0.193753             0.193752         -0.214580        -0.315967       -0.215029     0.271148           0.364165            -0.006991        0.364165         -0.377427                0.339043        -0.193180         -0.094876          -0.014375       -0.160990        -0.109353    -0.072198
PC1_mean                          -0.022049          -0.017995      -0.041082                -0.021928                -0.000852         -0.022062          -0.017891      -0.015591            0.015394            0.025663      -0.023591       0.002369               0.002477            0.023902           0.024318          0.023845      -0.021337         -0.037138         -0.011497       0.008046  1.000000     -0.028951    -0.025443 -0.057042          -0.028920          -0.152913    0.082915    -0.029746 -0.030101      0.059062      0.029348  0.013375  0.006287        -0.003401    0.060182           0.027066      0.033737     0.026823    0.027276 -0.025443   -0.057043   -0.018089  0.012614           -0.034923              -0.030883          -0.015750                    -0.037489                     0.021840              0.004286               0.003301           0.000493               -0.001505               -0.002029           0.072299          -0.029609                  -0.029609               -0.015072               0.007663             -0.015219          -0.030897                -0.034923                  -0.012764             -0.034923               0.017678                0.053942     -0.057044        -0.087861    -0.122716              -0.060338               0.042034       -0.026207        -0.030237    -0.077304         -0.028984         -0.027283    -0.025642    -0.088845            -0.088845         -0.005704         0.030520       -0.007071    -0.086920          -0.057044            -0.033428       -0.057044          0.020110               -0.070422         0.041646          0.022768          -0.000994        0.000621        -0.000123    -0.001298
PC1_mean_abs                       0.987770           0.909697       0.775987                 0.950097                -0.013826          0.949572           0.961680       0.963994           -0.021901           -0.052673       0.760913       0.774020               0.772315           -0.602884          -0.933419         -0.602854       0.971224          0.886377         -0.298062       0.468779 -0.028951      1.000000     0.971531  0.868445           1.000000          -0.045613   -0.095228     0.956653  0.956747      0.014513     -0.054019 -0.796060  0.788838         0.814255   -0.045998          -0.556990     -0.538269    -0.927054   -0.538641  0.971531    0.868445   -0.237976  0.295146            0.904438               0.910573           0.594754                     0.904517                     0.229780              0.760338               0.766558           0.846611                0.065331                0.065422           0.038369           0.909833                   0.909833                0.049717              -0.793280              0.049858           0.910600                 0.904438                  -0.084689              0.904438               0.125723               -0.117086      0.868446         0.722100     0.249106               0.860792              -0.251967        0.260578         0.266716     0.630114          0.195575          0.155704     0.201123     0.612025             0.612025         -0.150816        -0.830865       -0.151584     0.730054           0.868446             0.204758        0.868446         -0.304424                0.799099        -0.269397         -0.062722          -0.045889       -0.144983        -0.114163    -0.038568
PC1_std_dev                        0.951274           0.971423       0.853576                 0.977035                -0.146528          0.868070           0.909106       0.936929            0.102120            0.046380       0.671591       0.869299               0.868185           -0.583475          -0.894725         -0.583434       0.985445          0.902685         -0.410882       0.558257 -0.025443      0.971531     1.000000  0.906938           0.971534          -0.046274   -0.086116     0.871953  0.872064      0.033474      0.070995 -0.892602  0.886185         0.913888   -0.044202          -0.543009     -0.519989    -0.905218   -0.520343  1.000000    0.906938   -0.383332  0.351055            0.899121               0.866992           0.565406                     0.896241                     0.350776              0.794939               0.799381           0.871201               -0.080122               -0.078923           0.060741           0.863685                   0.863685               -0.030969              -0.864558             -0.030866           0.867113                 0.899121                  -0.245058              0.899121               0.278883               -0.060493      0.906939         0.760499     0.288135               0.900302              -0.237212        0.284336         0.290183     0.658255          0.137363          0.102597     0.221458     0.636940             0.636940         -0.180152        -0.850654       -0.180917     0.768650           0.906939             0.149192        0.906939         -0.309917                0.846247        -0.241649         -0.057990          -0.043167       -0.141227        -0.096730    -0.054079
PC1_var                            0.839612           0.876518       0.944300                 0.880021                -0.069579          0.752087           0.793077       0.826041            0.047512            0.013945       0.589329       0.755855               0.754862           -0.428599          -0.848916         -0.428533       0.879816          0.964530         -0.240808       0.364166 -0.057042      0.868445     0.906938  1.000000           0.868447          -0.056522   -0.121452     0.755625  0.756087      0.026882      0.028974 -0.784172  0.790308         0.809066   -0.063292          -0.403720     -0.379213    -0.886895   -0.379400  0.906938    1.000000   -0.239852  0.243501            0.949539               0.896298           0.739695                     0.948305                     0.213703              0.794473               0.798194           0.885918               -0.031079               -0.029371           0.063691           0.890829                   0.890829                0.011650              -0.888326              0.011747           0.896469                 0.949539                  -0.136227              0.949539               0.157010               -0.068237      1.000000         0.926494     0.531658               0.999516              -0.210084        0.293574         0.298530     0.670699          0.133228          0.097680     0.236065     0.819195             0.819194         -0.077305        -0.915158       -0.077945     0.932111           1.000000             0.152229        1.000000         -0.218054                0.974201        -0.237242         -0.045459          -0.071862       -0.091401        -0.062444    -0.071335
PC1_avg_diff_mean                  0.987770           0.909702       0.775991                 0.950101                -0.013834          0.949568           0.961678       0.963996           -0.021897           -0.052667       0.760906       0.774024               0.772319           -0.602883          -0.933421         -0.602853       0.971226          0.886379         -0.298071       0.468783 -0.028920      1.000000     0.971534  0.868447           1.000000          -0.045619   -0.095224     0.956648  0.956742      0.014518     -0.054011 -0.796065  0.788843         0.814260   -0.045996          -0.556987     -0.538269    -0.927056   -0.538640  0.971534    0.868447   -0.237988  0.295146            0.904438               0.910572           0.594754                     0.904518                     0.229789              0.760343               0.766562           0.846613                0.065321                0.065411           0.038395           0.909832                   0.909832                0.049709              -0.793285              0.049849           0.910600                 0.904438                  -0.084698              0.904438               0.125733               -0.117073      0.868448         0.722103     0.249104               0.860793              -0.251969        0.260597         0.266737     0.630133          0.195575          0.155705     0.201147     0.612030             0.612030         -0.150831        -0.830866       -0.151599     0.730057           0.868448             0.204759        0.868448         -0.304426                0.799101        -0.269397         -0.062708          -0.045894       -0.144984        -0.114163    -0.038572
PC1_above_mean_rt                 -0.044530          -0.049010      -0.057407                -0.054278                -0.017724         -0.035675          -0.050934      -0.058908           -0.008150           -0.026236      -0.008568      -0.042932              -0.042985           -0.005336           0.047906         -0.005321      -0.047024         -0.058412          0.008605      -0.029759 -0.152913     -0.045613    -0.046274 -0.056522          -0.045619           1.000000    0.649521    -0.033210 -0.033223     -0.248675     -0.022304 -0.003969 -0.072276        -0.036033    0.947991          -0.019614     -0.016838     0.071955   -0.015918 -0.046275   -0.056523    0.017731 -0.065220           -0.057428              -0.054047          -0.069964                    -0.056725                    -0.021052             -0.067892              -0.066263          -0.067269               -0.001476               -0.000637          -0.061265          -0.053730                  -0.053730                0.010776               0.046389              0.010920          -0.054054                -0.057428                   0.000974             -0.057428              -0.005327               -0.036393     -0.056524        -0.059670    -0.047913              -0.055515              -0.048793       -0.039604        -0.043434    -0.067381          0.074137          0.075306    -0.041868    -0.063459            -0.063459         -0.001282         0.043385       -0.001228    -0.059772          -0.056524             0.069504       -0.056524         -0.001535               -0.048220        -0.059114         -0.009478           0.056997        0.027921         0.151461     0.068727
PC1_median                        -0.085229          -0.077775      -0.110085                -0.088147                -0.004194         -0.079576          -0.094120      -0.093660            0.003829            0.006238      -0.045099      -0.056580              -0.056502            0.013360           0.094893          0.013413      -0.082311         -0.124947          0.013231      -0.026268  0.082915     -0.095228    -0.086116 -0.121452          -0.095224           0.649521    1.000000    -0.091325 -0.091532     -0.147587      0.011424  0.004374 -0.088773        -0.048896    0.683865           0.004951     -0.010760     0.143924   -0.011464 -0.086116   -0.121452    0.004469 -0.054088           -0.127251              -0.127631          -0.199458                    -0.127123                    -0.012984             -0.122510              -0.122756          -0.130508               -0.010452               -0.010439          -0.019560          -0.127559                  -0.127559                0.007586               0.096486              0.007673          -0.127631                -0.127251                  -0.002484             -0.127251              -0.002439               -0.002301     -0.121453        -0.135520    -0.116319              -0.120098              -0.030186       -0.041243        -0.047437    -0.126608          0.011178          0.011735    -0.042298    -0.145976            -0.145975         -0.012449         0.097842       -0.012882    -0.135437          -0.121453             0.007113       -0.121453          0.011430               -0.109415        -0.018902          0.003911           0.060567        0.022204         0.108940     0.045798
PC1_med_dev                        0.957255           0.775222       0.623880                 0.832943                 0.112533          0.984764           0.941064       0.896798           -0.105491           -0.103058       0.833673       0.643494               0.641196           -0.587180          -0.903962         -0.587164       0.887104          0.797497         -0.137188       0.347781 -0.029746      0.956653     0.871953  0.755625           0.956648          -0.033210   -0.091325     1.000000  0.999954     -0.000260     -0.130068 -0.663877  0.655813         0.677977   -0.038007          -0.538994     -0.528173    -0.872304   -0.528477  0.871953    0.755625   -0.036207  0.224795            0.839513               0.889595           0.569233                     0.842034                     0.104630              0.674530               0.682489           0.761172                0.203563                0.205380           0.020578           0.892400                   0.892400                0.136884              -0.669629              0.137075           0.889520                 0.839513                   0.087326              0.839513              -0.034900               -0.152874      0.755625         0.597380     0.133772               0.746409              -0.241380        0.208372         0.215161     0.555404          0.234991          0.198777     0.164732     0.499225             0.499225         -0.113245        -0.757861       -0.113919     0.605370           0.755625             0.239437        0.755625         -0.278244                0.677186        -0.264737         -0.057598          -0.038710       -0.141017        -0.128113    -0.014963
PC1_iqr                            0.957308           0.775319       0.624332                 0.833065                 0.112574          0.984754           0.941081       0.896913           -0.105628           -0.103169       0.833545       0.643426               0.641128           -0.587283          -0.904081         -0.587268       0.887186          0.797872         -0.137122       0.347471 -0.030101      0.956747     0.872064  0.756087           0.956742          -0.033223   -0.091532     0.999954  1.000000     -0.000093     -0.130147 -0.663704  0.655902         0.677937   -0.038058          -0.539137     -0.528328    -0.872524   -0.528636  0.872064    0.756087   -0.036202  0.224795            0.839853               0.889863           0.569610                     0.842379                     0.104448              0.674662               0.682609           0.761454                0.203511                0.205331           0.020716           0.892663                   0.892663                0.136857              -0.669814              0.137048           0.889788                 0.839853                   0.087395              0.839853              -0.035036               -0.152985      0.756087         0.598103     0.134545               0.746884              -0.241766        0.208690         0.215506     0.555913          0.235648          0.199367     0.165008     0.500071             0.500071         -0.113428        -0.758178       -0.114104     0.606084           0.756087             0.240083        0.756087         -0.278316                0.677684        -0.265334         -0.057622          -0.038603       -0.140925        -0.128248    -0.014971
PC1_skewness                       0.014461           0.048224       0.038941                 0.032904                -0.069100         -0.000824           0.007478       0.016504            0.179398            0.262870      -0.013870       0.088628               0.088875            0.035336          -0.015730          0.035360       0.033263          0.027367         -0.071026       0.066439  0.059062      0.014513     0.033474  0.026882           0.014518          -0.248675   -0.147587    -0.000260 -0.000093      1.000000      0.258620  0.088212  0.223192         0.073176   -0.218626           0.054042      0.044659    -0.015039    0.044764  0.033475    0.026882   -0.070573  0.042864            0.022728               0.013739           0.021890                     0.020506                     0.165009              0.082142               0.077552           0.064701               -0.081929               -0.077604           0.232733           0.013208                   0.013208               -0.054631              -0.036018             -0.054512           0.013766                 0.022728                  -0.107349              0.022728               0.132488                0.294439      0.026883         0.018024     0.019403               0.024922               0.147575        0.076281         0.080503     0.075615         -0.067970         -0.048617     0.016368     0.015861             0.015861         -0.007993        -0.006419       -0.007782     0.018622           0.026883            -0.063964        0.026883          0.009690                0.007916         0.122176          0.153151           0.005677       -0.088109        -0.154269    -0.059199
PC1_kurtosis                      -0.062730           0.140688       0.089112                 0.031224                -0.572923         -0.130135          -0.106117      -0.082443            0.831909            0.888313      -0.123952       0.316621               0.317828            0.044525           0.058112          0.044748       0.045852          0.004614         -0.457119       0.366970  0.029348     -0.054019     0.070995  0.028974          -0.054011          -0.022304    0.011424    -0.130068 -0.130147      0.258620      1.000000 -0.289607  0.314096         0.310492   -0.004309           0.032867      0.053298     0.036648    0.053335  0.070997    0.028975   -0.472787  0.212068           -0.024796              -0.076958          -0.052527                    -0.031322                     0.678131              0.108250               0.098171           0.062860               -0.528473               -0.513961           0.433398          -0.079768                  -0.079768               -0.258823              -0.122011             -0.258690          -0.076817                -0.024796                  -0.652917             -0.024796               0.695280                0.643034      0.028975         0.002628    -0.008652               0.027038               0.209646        0.145111         0.159721     0.097105         -0.250018         -0.190599     0.140408    -0.021288            -0.021288         -0.148853        -0.005050       -0.148706     0.004025           0.028975            -0.239427        0.028975         -0.021009                0.027102         0.248675          0.368363           0.028927        0.015190         0.010588    -0.036106
PC1_min                           -0.773872          -0.911095      -0.788959                -0.852548                 0.297050         -0.661945          -0.717093      -0.753938           -0.322235           -0.243832      -0.491996      -0.923397              -0.923182            0.492135           0.713588          0.492045      -0.865289         -0.763310          0.488560      -0.620447  0.013375     -0.796060    -0.892602 -0.784172          -0.796065          -0.003969    0.004374    -0.663877 -0.663704      0.088212     -0.289607  1.000000 -0.893841        -0.971780   -0.010154           0.465095      0.434949     0.735085    0.435231 -0.892602   -0.784172    0.487953 -0.393165           -0.736999              -0.668050          -0.388572                    -0.728988                    -0.491705             -0.729331              -0.731699          -0.773579                0.227476                0.222977          -0.079391          -0.663605                  -0.663605                0.106654               0.835610              0.106678          -0.668258                -0.736999                   0.420249             -0.736999              -0.457761               -0.039306     -0.784172        -0.615887    -0.175301              -0.776775               0.139367       -0.245652        -0.251627    -0.588380          0.000033          0.014079    -0.197875    -0.477875            -0.477875          0.184115         0.748439        0.184822    -0.624653          -0.784172            -0.010953       -0.784172          0.268037               -0.731239         0.113155          0.041458           0.021778        0.114281         0.040121     0.039435
PC1_max                            0.767196           0.906046       0.795788                 0.848538                -0.299346          0.653659           0.711564       0.751255            0.338194            0.269476       0.479734       0.929944               0.929798           -0.463103          -0.712974         -0.463070       0.859190          0.769080         -0.489963       0.614261  0.006287      0.788838     0.886185  0.790308           0.788843          -0.072276   -0.088773     0.655813  0.655902      0.223192      0.314096 -0.893841  1.000000         0.974385   -0.066002          -0.433272     -0.401453    -0.727130   -0.401772  0.886185    0.790308   -0.488897  0.381749            0.742271               0.672217           0.408621                     0.733027                     0.514213              0.769575               0.771211           0.807321               -0.232743               -0.227656           0.100218           0.667763                   0.667763               -0.117619              -0.838654             -0.117520           0.672428                 0.742271                  -0.426780              0.742271               0.470437                0.083801      0.790308         0.617928     0.188790               0.781326              -0.088549        0.266591         0.273559     0.633110         -0.013523         -0.020778     0.207200     0.482587             0.482587         -0.182781        -0.750277       -0.183402     0.627005           0.790308            -0.002158        0.790308         -0.260974                0.720856        -0.071283         -0.025181          -0.023285       -0.127221        -0.100224    -0.057706
PC1_maxmin_diff                    0.791741           0.933611       0.814350                 0.873994                -0.306465          0.675874           0.733997       0.773357            0.339534            0.264060       0.499138       0.952354               0.952169           -0.490458          -0.732980         -0.490396       0.885988          0.787435         -0.502797       0.634335 -0.003401      0.814255     0.913888  0.809066           0.814260          -0.036033   -0.048896     0.677977  0.677937      0.073176      0.310492 -0.971780  0.974385         1.000000   -0.029630          -0.461203     -0.429344    -0.751210   -0.429654  0.913888    0.809066   -0.501931  0.398022            0.760135               0.688700           0.409856                     0.751254                     0.517131              0.770653               0.772702           0.812704               -0.236532               -0.231599           0.092541           0.684127                   0.684127               -0.115370              -0.860298             -0.115329           0.688915                 0.760135                  -0.435296              0.760135               0.477077                0.063801      0.809066         0.633977     0.187241               0.800631              -0.116483        0.263455         0.270117     0.628168         -0.007131         -0.017992     0.208248     0.493557             0.493557         -0.188500        -0.770084       -0.189181     0.643149           0.809066             0.004358        0.809066         -0.271727                0.745980        -0.094253         -0.034041          -0.023172       -0.124246        -0.072849    -0.050137
PC1_pos_rt                        -0.044688          -0.044994      -0.061017                -0.050824                -0.019008         -0.038899          -0.051091      -0.053515            0.000384           -0.007845      -0.013624      -0.035330              -0.035344           -0.001205           0.048117         -0.001179      -0.045050         -0.062890         -0.000948      -0.027771  0.060182     -0.045998    -0.044202 -0.063292          -0.045996           0.947991    0.683865    -0.038007 -0.038058     -0.218626     -0.004309 -0.010154 -0.066002        -0.029630    1.000000          -0.013473     -0.010544     0.071585   -0.011418 -0.044202   -0.063292    0.001775 -0.063690           -0.062104              -0.059008          -0.076435                    -0.061877                    -0.005413             -0.062975              -0.062739          -0.065626               -0.009183               -0.008859          -0.023633          -0.058635                  -0.058635                0.001633               0.044766              0.001742          -0.059015                -0.062104                  -0.008692             -0.062104               0.005423                0.005255     -0.063292        -0.073306    -0.069835              -0.062952              -0.041553       -0.027878        -0.030256    -0.061889          0.069688          0.072778    -0.036672    -0.079058            -0.079058         -0.014542         0.045661       -0.014999    -0.073169          -0.063292             0.064186       -0.063292          0.005948               -0.057438        -0.050545          0.015275           0.053419        0.028345         0.154482     0.066560
PC1_zero_cross_rt                 -0.573142          -0.525001      -0.377721                -0.542764                 0.086761         -0.555107          -0.550558      -0.547810           -0.016393            0.032573      -0.463660      -0.449250              -0.448164            0.925962           0.446837          0.926058      -0.562880         -0.430563          0.368710      -0.510549  0.027066     -0.556990    -0.543009 -0.403720          -0.556987          -0.019614    0.004951    -0.538994 -0.539137      0.054042      0.032867  0.465095 -0.433272        -0.461203   -0.013473           1.000000      0.906611     0.401438    0.906842 -0.543009   -0.403720    0.258358 -0.389541           -0.439066              -0.441378          -0.236353                    -0.440925                    -0.250640             -0.270129              -0.271824          -0.357899               -0.038396               -0.039521           0.000588          -0.441182                  -0.441182               -0.021293               0.410474             -0.021386          -0.441396                -0.439066                   0.112540             -0.439066              -0.133597                0.235566     -0.403720        -0.348180    -0.092601              -0.403162               0.583114       -0.100769        -0.101579    -0.254883         -0.414267         -0.335974    -0.078008    -0.304604            -0.304604          0.220447         0.360809        0.220789    -0.351113          -0.403720            -0.428826       -0.403720          0.572881               -0.395682         0.587710          0.066777           0.028665        0.140816         0.012827    -0.072420
PC1_peaks_rt                      -0.548650          -0.491141      -0.345018                -0.511605                 0.063216         -0.537042          -0.526878      -0.522990            0.012358            0.055540      -0.454787      -0.410418              -0.409290            0.894501           0.418908          0.894463      -0.533834         -0.398632          0.338016      -0.489843  0.033737     -0.538269    -0.519989 -0.379213          -0.538269          -0.016838   -0.010760    -0.528173 -0.528328      0.044659      0.053298  0.434949 -0.401453        -0.429344   -0.010544           0.906611      1.000000     0.375329    0.999766 -0.519989   -0.379213    0.239190 -0.314267           -0.408130              -0.413267          -0.211152                    -0.410877                    -0.218010             -0.231917              -0.232656          -0.314676               -0.052036               -0.053303          -0.000986          -0.413122                  -0.413122               -0.031234               0.375528             -0.031349          -0.413280                -0.408130                   0.084711             -0.408130              -0.101629                0.237520     -0.379214        -0.329351    -0.079863              -0.379839               0.652024       -0.110480        -0.110885    -0.228912         -0.425935         -0.346531    -0.089554    -0.286760            -0.286760          0.233040         0.341699        0.233219    -0.331937          -0.379214            -0.444496       -0.379214          0.462385               -0.383085         0.633654          0.062510          -0.005693        0.152038        -0.006624    -0.025879
PC1_rest_rt                       -0.906449          -0.844094      -0.780958                -0.884693                 0.012192         -0.862599          -0.884262      -0.894091            0.019728            0.042766      -0.685324      -0.707080              -0.705565            0.440098           0.967735          0.440092      -0.895826         -0.899828          0.215844      -0.356105  0.026823     -0.927054    -0.905218 -0.886895          -0.927056           0.071955    0.143924    -0.872304 -0.872524     -0.015039      0.036648  0.735085 -0.727130        -0.751210    0.071585           0.401438      0.375329     1.000000    0.375643 -0.905218   -0.886895    0.198821 -0.230823           -0.920523              -0.931143          -0.669433                    -0.920616                    -0.167737             -0.761049              -0.767589          -0.857663               -0.024264               -0.023774          -0.037504          -0.930401                  -0.930401               -0.028576               0.803191             -0.028677          -0.931160                -0.920523                   0.070482             -0.920523              -0.095392                0.091633     -0.886895        -0.729549    -0.236164              -0.878312               0.165103       -0.257907        -0.264145    -0.632359         -0.123658         -0.088713    -0.194381    -0.613316            -0.613315          0.084214         0.909623        0.084786    -0.737880          -0.886895            -0.126379       -0.886895          0.228973               -0.811722         0.180397          0.046731           0.090752        0.096994         0.088313     0.077843
PC1_ssc_rt                        -0.548990          -0.491461      -0.345123                -0.511974                 0.063263         -0.537334          -0.527247      -0.523410            0.012331            0.055663      -0.455035      -0.410670              -0.409541            0.894768           0.419194          0.894723      -0.534163         -0.398798          0.338395      -0.489916  0.027276     -0.538641    -0.520343 -0.379400          -0.538640          -0.015918   -0.011464    -0.528477 -0.528636      0.044764      0.053335  0.435231 -0.401772        -0.429654   -0.011418           0.906842      0.999766     0.375643    1.000000 -0.520343   -0.379400    0.239604 -0.314503           -0.408314              -0.413479          -0.211223                    -0.411065                    -0.218064             -0.231908              -0.232640          -0.314799               -0.051930               -0.053194          -0.000582          -0.413334                  -0.413334               -0.031391               0.375550             -0.031504          -0.413491                -0.408314                   0.084974             -0.408314              -0.101851                0.237784     -0.379400        -0.329438    -0.079793              -0.380019               0.651878       -0.110585        -0.110949    -0.228721         -0.425712         -0.346284    -0.089480    -0.286805            -0.286805          0.232925         0.341814        0.233134    -0.332028          -0.379400            -0.444358       -0.379400          0.462475               -0.383229         0.633560          0.062884          -0.005898        0.152077        -0.006514    -0.025818
PC1_rms                            0.951274           0.971423       0.853575                 0.977035                -0.146528          0.868070           0.909106       0.936929            0.102120            0.046382       0.671591       0.869299               0.868185           -0.583475          -0.894725         -0.583435       0.985445          0.902685         -0.410882       0.558257 -0.025443      0.971531     1.000000  0.906938           0.971534          -0.046275   -0.086116     0.871953  0.872064      0.033475      0.070997 -0.892602  0.886185         0.913888   -0.044202          -0.543009     -0.519989    -0.905218   -0.520343  1.000000    0.906938   -0.383332  0.351055            0.899121               0.866992           0.565406                     0.896241                     0.350777              0.794939               0.799380           0.871201               -0.080122               -0.078923           0.060746           0.863685                   0.863685               -0.030969              -0.864558             -0.030866           0.867113                 0.899121                  -0.245058              0.899121               0.278883               -0.060489      0.906938         0.760499     0.288135               0.900302              -0.237211        0.284339         0.290187     0.658260          0.137363          0.102597     0.221462     0.636941             0.636940         -0.180155        -0.850653       -0.180920     0.768650           0.906938             0.149193        0.906938         -0.309917                0.846247        -0.241649         -0.057985          -0.043167       -0.141227        -0.096730    -0.054079
PC1_energy                         0.839612           0.876518       0.944299                 0.880021                -0.069579          0.752087           0.793077       0.826041            0.047512            0.013946       0.589329       0.755854               0.754862           -0.428600          -0.848916         -0.428534       0.879816          0.964529         -0.240808       0.364166 -0.057043      0.868445     0.906938  1.000000           0.868447          -0.056523   -0.121452     0.755625  0.756087      0.026882      0.028975 -0.784172  0.790308         0.809066   -0.063292          -0.403720     -0.379213    -0.886895   -0.379400  0.906938    1.000000   -0.239852  0.243501            0.949539               0.896298           0.739694                     0.948304                     0.213703              0.794473               0.798193           0.885917               -0.031079               -0.029372           0.063694           0.890829                   0.890829                0.011650              -0.888325              0.011747           0.896469                 0.949539                  -0.136227              0.949539               0.157010               -0.068236      1.000000         0.926495     0.531660               0.999516              -0.210084        0.293579         0.298535     0.670707          0.133228          0.097680     0.236070     0.819196             0.819196         -0.077307        -0.915158       -0.077948     0.932112           1.000000             0.152230        1.000000         -0.218055                0.974202        -0.237242         -0.045457          -0.071862       -0.091401        -0.062444    -0.071336
PC1_sampen                        -0.215867          -0.479808      -0.315793                -0.424295                 0.759969         -0.051550          -0.181424      -0.285123           -0.517850           -0.338419       0.073733      -0.492756              -0.494114            0.254423           0.170111          0.254351      -0.358089         -0.214744          0.922017      -0.729722 -0.018089     -0.237976    -0.383332 -0.239852          -0.237988           0.017731    0.004469    -0.036207 -0.036202     -0.070573     -0.472787  0.487953 -0.488897        -0.501931    0.001775           0.258358      0.239190     0.198821    0.239604 -0.383332   -0.239852    1.000000 -0.393070           -0.174800              -0.099657          -0.034100                    -0.168562                    -0.734244             -0.233737              -0.231032          -0.234036                0.743815                0.747907          -0.050645          -0.093488                  -0.093488                0.488235               0.336309              0.488176          -0.099845                -0.174800                   0.896397             -0.174800              -0.856983               -0.192344     -0.239852        -0.197832    -0.080605              -0.238310               0.131747       -0.108647        -0.109756    -0.185600          0.114163          0.117120    -0.078573    -0.150690            -0.150689          0.324358         0.160583        0.324718    -0.200272          -0.239852             0.110402       -0.239852          0.236312               -0.231393         0.065339          0.020318           0.024651        0.061079        -0.007259     0.110486
PC1_dfa                            0.295219           0.385446       0.265523                 0.351589                -0.303290          0.234251           0.270012       0.291064            0.257710            0.177184       0.153642       0.393221               0.393374           -0.384066          -0.228144         -0.383979       0.350083          0.243723         -0.420072       0.553465  0.012614      0.295146     0.351055  0.243501           0.295146          -0.065220   -0.054088     0.224795  0.224795      0.042864      0.212068 -0.393165  0.381749         0.398022   -0.063690          -0.389541     -0.314267    -0.230823   -0.314503  0.351055    0.243501   -0.393070  1.000000            0.230602               0.200288           0.090804                     0.227551                     0.383791              0.195892               0.197749           0.233178               -0.241339               -0.236923           0.003737           0.198368                   0.198368               -0.103579              -0.306855             -0.103517           0.200376                 0.230602                  -0.363300              0.230602               0.374614               -0.052030      0.243500         0.181238     0.013532               0.241024              -0.175111        0.036584         0.036443     0.142591          0.065417          0.042053     0.008326     0.134694             0.134694         -0.053401        -0.213885       -0.053573     0.184212           0.243500             0.067999        0.243500         -0.361410                0.220026        -0.168706         -0.093127          -0.052898       -0.062858        -0.081153    -0.021000
Magnitude_fft_mean                 0.911217           0.876602       0.912147                 0.901341                -0.012530          0.856181           0.873911       0.884321           -0.001872           -0.022217       0.699497       0.743250               0.741749           -0.474979          -0.930756         -0.474971       0.915730          0.994220         -0.204501       0.348322 -0.034923      0.904438     0.899121  0.949539           0.904438          -0.057428   -0.127251     0.839513  0.839853      0.022728     -0.024796 -0.736999  0.742271         0.760135   -0.062104          -0.439066     -0.408130    -0.920523   -0.408314  0.899121    0.949539   -0.174800  0.230602            1.000000               0.981573           0.824545                     0.999677                     0.170897              0.813998               0.819817           0.927430                0.030805                0.032084           0.053252           0.979062                   0.979062                0.040503              -0.894816              0.040639           0.981661                 1.000000                  -0.066379              1.000000               0.092648               -0.098727      0.949539         0.851492     0.423312               0.945040              -0.198422        0.259088         0.264200     0.646324          0.166198          0.130756     0.204813     0.755709             0.755709         -0.074092        -0.906469       -0.074814     0.857874           0.949539             0.180036        0.949539         -0.239228                0.899749        -0.234794         -0.048670          -0.074306       -0.098066        -0.091058    -0.050950
Magnitude_fft_std_dev              0.924586           0.815988       0.817116                 0.863688                 0.051082          0.906227           0.895453       0.885134           -0.064401           -0.070551       0.764448       0.665706               0.663757           -0.482485          -0.956581         -0.482491       0.891157          0.955410         -0.145715       0.298717 -0.030883      0.910573     0.866992  0.896298           0.910572          -0.054047   -0.127631     0.889595  0.889863      0.013739     -0.076958 -0.668050  0.672217         0.688700   -0.059008          -0.441378     -0.413267    -0.931143   -0.413479  0.866992    0.896298   -0.099657  0.200288            0.981573               1.000000           0.832495                     0.983703                     0.106937              0.761752               0.769007           0.884897                0.096577                0.097037           0.038205           0.999871                   0.999871                0.072798              -0.819834              0.072974           1.000000                 0.981573                   0.017136              0.981573               0.011326               -0.125265      0.896297         0.786334     0.346969               0.890337              -0.200511        0.233613         0.239263     0.608200          0.190407          0.153732     0.185209     0.696652             0.696652         -0.064877        -0.878945       -0.065558     0.792908           0.896297             0.199940        0.896297         -0.237143                0.836397        -0.238564         -0.048706          -0.078834       -0.097266        -0.101367    -0.048641
Magnitude_fft_var                  0.608909           0.538981       0.703088                 0.578181                 0.031100          0.589316           0.586136       0.582084           -0.049843           -0.050583       0.521633       0.399659               0.398215           -0.250022          -0.672101         -0.250057       0.587110          0.806939         -0.054323       0.118358 -0.015750      0.594754     0.565406  0.739695           0.594754          -0.069964   -0.199458     0.569233  0.569610      0.021890     -0.052527 -0.388572  0.408621         0.409856   -0.076435          -0.236353     -0.211152    -0.669433   -0.211223  0.565406    0.739694   -0.034100  0.090804            0.824545               0.832495           1.000000                     0.827645                     0.036004              0.584812               0.591756           0.720376                0.055169                0.055515           0.026053           0.831626                   0.831626                0.037529              -0.663626              0.037733           0.832506                 0.824545                   0.027581              0.824545              -0.016748               -0.074958      0.739693         0.742932     0.494688               0.739216              -0.133700        0.140324         0.144269     0.412571          0.140911          0.112920     0.114579     0.718606             0.718607          0.000935        -0.667003        0.000462     0.744776           0.739693             0.157048        0.739693         -0.122132                0.718030        -0.186072         -0.028248          -0.092516       -0.043177        -0.064913    -0.048511
Magnitude_fft_avg_diff_mean        0.911680           0.870979       0.906861                 0.898461                -0.006793          0.859025           0.874416       0.883954           -0.010315           -0.029619       0.703978       0.732560               0.731017           -0.477222          -0.931895         -0.477218       0.913108          0.992592         -0.199027       0.343063 -0.037489      0.904517     0.896241  0.948305           0.904518          -0.056725   -0.127123     0.842034  0.842379      0.020506     -0.031322 -0.728988  0.733027         0.751254   -0.061877          -0.440925     -0.410877    -0.920616   -0.411065  0.896241    0.948304   -0.168562  0.227551            0.999677               0.983703           0.827645                     1.000000                     0.161453              0.802626               0.808505           0.918714                0.035604                0.036765           0.051754           0.981225                   0.981225                0.044022              -0.886677              0.044159           0.983785                 0.999677                  -0.058299              0.999677               0.083333               -0.104863      0.948304         0.855058     0.431209               0.944246              -0.205193        0.258607         0.263716     0.642194          0.172538          0.136129     0.205448     0.761257             0.761257         -0.073445        -0.902288       -0.074161     0.861237           0.948304             0.186658        0.948304         -0.239561                0.901034        -0.242529         -0.049042          -0.075002       -0.097783        -0.090162    -0.051976
Magnitude_fft_above_mean_rt        0.210975           0.435279       0.284465                 0.344520                -0.757901          0.095698           0.161990       0.213617            0.814799            0.686644       0.019078       0.554053               0.555133           -0.251684          -0.147501         -0.251632       0.332954          0.203590         -0.805985       0.735538  0.021840      0.229780     0.350776  0.213703           0.229789          -0.021052   -0.012984     0.104630  0.104448      0.165009      0.678131 -0.491705  0.514213         0.517131   -0.005413          -0.250640     -0.218010    -0.167737   -0.218064  0.350777    0.213703   -0.734244  0.383791            0.170897               0.106937           0.036004                     0.161453                     1.000000              0.290150               0.285464           0.269470               -0.540854               -0.533136           0.177648           0.103457                   0.103457               -0.332455              -0.338941             -0.332373           0.107104                 0.170897                  -0.837094              0.170897               0.905492                0.405358      0.213704         0.144207     0.017840               0.209453              -0.045293        0.131753         0.138576     0.221988         -0.144512         -0.133564     0.110263     0.090374             0.090373         -0.270141        -0.164314       -0.270458     0.147720           0.213704            -0.137822        0.213704         -0.239617                0.191488         0.023791          0.124565          -0.012970       -0.102964        -0.083173    -0.026809
Magnitude_fft_median               0.752263           0.810837       0.818793                 0.791224                -0.089709          0.673240           0.722427       0.744963            0.141318            0.129508       0.517167       0.787523               0.786913           -0.295225          -0.747887         -0.295092       0.801281          0.829281         -0.248281       0.338521  0.004286      0.760338     0.794939  0.794473           0.760343          -0.067892   -0.122510     0.674530  0.674662      0.082142      0.108250 -0.729331  0.769575         0.770653   -0.062975          -0.270129     -0.231917    -0.761049   -0.231908  0.794939    0.794473   -0.233737  0.195892            0.813998               0.761752           0.584812                     0.802626                     0.290150              1.000000               0.998985           0.940312               -0.044996               -0.041017           0.155708           0.759057                   0.759057               -0.026419              -0.834641             -0.026296           0.761918                 0.813998                  -0.179079              0.813998               0.230150                0.137371      0.794472         0.637079     0.249748               0.781362               0.030509        0.339241         0.345936     0.698586          0.002389          0.004320     0.263007     0.528560             0.528559         -0.089380        -0.792676       -0.090070     0.645915           0.794472             0.012917        0.794472         -0.134932                0.695446         0.005265          0.025342          -0.036910       -0.090083        -0.114550    -0.003427
Magnitude_fft_med_dev              0.758730           0.813966       0.820767                 0.795476                -0.087063          0.680987           0.729581       0.750823            0.135077            0.119672       0.523770       0.788431               0.787794           -0.296937          -0.754761         -0.296821       0.806125          0.834193         -0.246739       0.340212  0.003301      0.766558     0.799381  0.798194           0.766562          -0.066263   -0.122756     0.682489  0.682609      0.077552      0.098171 -0.731699  0.771211         0.772702   -0.062739          -0.271824     -0.232656    -0.767589   -0.232640  0.799380    0.798193   -0.231032  0.197749            0.819817               0.769007           0.591756                     0.808505                     0.285464              0.998985               1.000000           0.945547               -0.041743               -0.037811           0.131458           0.766409                   0.766409               -0.025140              -0.838228             -0.025029           0.769170                 0.819817                  -0.175235              0.819817               0.225952                0.117889      0.798193         0.638156     0.246525               0.784945               0.029001        0.308715         0.315441     0.692624          0.002757          0.004562     0.239130     0.528742             0.528741         -0.083069        -0.798116       -0.083757     0.647101           0.798193             0.013219        0.798193         -0.135927                0.697743         0.003083          0.006049          -0.038451       -0.090448        -0.115047    -0.004554
Magnitude_fft_iqr                  0.847077           0.880505       0.897470                 0.874230                -0.074560          0.770247           0.815087       0.834358            0.104883            0.081591       0.604556       0.826092               0.825180           -0.387024          -0.855676         -0.386974       0.884745          0.935564         -0.254079       0.376374  0.000493      0.846611     0.871201  0.885918           0.846613          -0.067269   -0.130508     0.761172  0.761454      0.064701      0.062860 -0.773579  0.807321         0.812704   -0.065626          -0.357899     -0.314676    -0.857663   -0.314799  0.871201    0.885917   -0.234036  0.233178            0.927430               0.884897           0.720376                     0.918714                     0.269470              0.940312               0.945547           1.000000               -0.027806               -0.025036           0.069961           0.882426                   0.882426               -0.012505              -0.913682             -0.012366           0.885040                 0.927430                  -0.157348              0.927430               0.201280                0.011413      0.885916         0.734711     0.300544               0.874452              -0.050256        0.245323         0.250536     0.668608          0.058743          0.046572     0.176983     0.628366             0.628366         -0.078669        -0.880863       -0.079421     0.743331           0.885916             0.069076        0.885916         -0.202339                0.794163        -0.079912         -0.039742          -0.059224       -0.095921        -0.115307    -0.025487
Magnitude_fft_skewness             0.078562          -0.186741      -0.119241                -0.097384                 0.765893          0.205098           0.158290       0.080851           -0.505489           -0.379957       0.199717      -0.257231              -0.258646           -0.058747          -0.051600         -0.058702      -0.065167         -0.007967          0.629183      -0.415485 -0.001505      0.065331    -0.080122 -0.031079           0.065321          -0.001476   -0.010452     0.203563  0.203511     -0.081929     -0.528473  0.227476 -0.232743        -0.236532   -0.009183          -0.038396     -0.052036    -0.024264   -0.051930 -0.080122   -0.031079    0.743815 -0.241339            0.030805               0.096577           0.055169                     0.035604                    -0.540854             -0.044996              -0.041743          -0.027806                1.000000                0.998667          -0.022957           0.103337                   0.103337                0.614343               0.131590              0.614150           0.096397                 0.030805                   0.818928              0.030805              -0.719755               -0.223701     -0.031080        -0.030281    -0.038506              -0.032074              -0.028794       -0.021949        -0.021077    -0.033037          0.185559          0.156181    -0.016892    -0.010752            -0.010752          0.302174        -0.014113        0.302188    -0.030573          -0.031080             0.189692       -0.031080          0.095612               -0.041969        -0.078682          0.008703           0.046274       -0.022423        -0.018737     0.110070
Magnitude_fft_kurtosis             0.078616          -0.184997      -0.116613                -0.099041                 0.760681          0.206858           0.159652       0.078921           -0.491500           -0.364427       0.201217      -0.250783              -0.252191           -0.059937          -0.050941         -0.059876      -0.063961         -0.006313          0.630517      -0.410234 -0.002029      0.065422    -0.078923 -0.029371           0.065411          -0.000637   -0.010439     0.205380  0.205331     -0.077604     -0.513961  0.222977 -0.227656        -0.231599   -0.008859          -0.039521     -0.053303    -0.023774   -0.053194 -0.078923   -0.029372    0.747907 -0.236923            0.032084               0.097037           0.055515                     0.036765                    -0.533136             -0.041017              -0.037811          -0.025036                0.998667                1.000000          -0.021308           0.103863                   0.103863                0.630030               0.126598              0.629845           0.096861                 0.032084                   0.815484              0.032084              -0.712734               -0.217305     -0.029372        -0.029309    -0.038284              -0.030393              -0.026921       -0.021276        -0.020428    -0.030397          0.182888          0.154623    -0.016243    -0.010268            -0.010268          0.308227        -0.015924        0.308251    -0.029561          -0.029372             0.187497       -0.029372          0.094866               -0.040232        -0.076174          0.009819           0.048412       -0.023700        -0.019346     0.111670
Magnitude_fft_min                  0.038297           0.073118       0.078242                 0.053076                -0.038809          0.023757           0.029040       0.036582            0.215501            0.415864       0.017959       0.112765               0.112923           -0.011023          -0.034871         -0.010752       0.058170          0.060715         -0.048505       0.016613  0.072299      0.038369     0.060741  0.063691           0.038395          -0.061265   -0.019560     0.020578  0.020716      0.232733      0.433398 -0.079391  0.100218         0.092541   -0.023633           0.000588     -0.000986    -0.037504   -0.000582  0.060746    0.063694   -0.050645  0.003737            0.053252               0.038205           0.026053                     0.051754                     0.177648              0.155708               0.131458           0.069961               -0.022957               -0.021308           1.000000           0.037402                   0.037402               -0.000038              -0.071360              0.000156           0.038245                 0.053252                  -0.079617              0.053252               0.112157                0.635901      0.063697         0.065726     0.040144               0.062835               0.129589        0.435311         0.466146     0.187785         -0.024044         -0.012034     0.474914     0.057110             0.057108         -0.077299        -0.037502       -0.077405     0.065902           0.063697            -0.019320        0.063697          0.030063                0.065326         0.104296          0.607943           0.006867       -0.010964        -0.019521     0.030444
Magnitude_fft_max                  0.924470           0.811118       0.809616                 0.859790                 0.055542          0.908994           0.896572       0.884051           -0.067264           -0.072536       0.767854       0.661122               0.659149           -0.482583          -0.956955         -0.482589       0.888510          0.951549         -0.141243       0.295996 -0.029609      0.909833     0.863685  0.890829           0.909832          -0.053730   -0.127559     0.892400  0.892663      0.013208     -0.079768 -0.663605  0.667763         0.684127   -0.058635          -0.441182     -0.413122    -0.930401   -0.413334  0.863685    0.890829   -0.093488  0.198368            0.979062               0.999871           0.831626                     0.981225                     0.103457              0.759057               0.766409           0.882426                0.103337                0.103863           0.037402           1.000000                   1.000000                0.076812              -0.815376              0.076990           0.999865                 0.979062                   0.022992              0.979062               0.006399               -0.126259      0.890828         0.778848     0.337699               0.884633              -0.199067        0.231406         0.237087     0.604890          0.190819          0.154264     0.183342     0.689590             0.689589         -0.063273        -0.876787       -0.063950     0.785478           0.890828             0.200016        0.890828         -0.236522                0.829673        -0.236989         -0.048557          -0.078510       -0.097134        -0.101627    -0.047987
Magnitude_fft_maxmin_diff          0.924470           0.811118       0.809616                 0.859790                 0.055542          0.908994           0.896572       0.884051           -0.067264           -0.072536       0.767854       0.661122               0.659149           -0.482583          -0.956955         -0.482589       0.888510          0.951549         -0.141243       0.295996 -0.029609      0.909833     0.863685  0.890829           0.909832          -0.053730   -0.127559     0.892400  0.892663      0.013208     -0.079768 -0.663605  0.667763         0.684127   -0.058635          -0.441182     -0.413122    -0.930401   -0.413334  0.863685    0.890829   -0.093488  0.198368            0.979062               0.999871           0.831626                     0.981225                     0.103457              0.759057               0.766409           0.882426                0.103337                0.103863           0.037402           1.000000                   1.000000                0.076812              -0.815376              0.076990           0.999865                 0.979062                   0.022992              0.979062               0.006399               -0.126259      0.890828         0.778848     0.337699               0.884633              -0.199067        0.231406         0.237087     0.604890          0.190819          0.154264     0.183342     0.689590             0.689589         -0.063273        -0.876787       -0.063950     0.785478           0.890828             0.200016        0.890828         -0.236522                0.829673        -0.236989         -0.048557          -0.078510       -0.097134        -0.101627    -0.047987
Magnitude_fft_peaks_rt             0.057537          -0.092918      -0.037868                -0.055267                 0.476467          0.140587           0.110173       0.051358           -0.262356           -0.169522       0.132677      -0.120980              -0.121815           -0.035802          -0.042573         -0.035529      -0.021904          0.020673          0.430489      -0.204568 -0.015072      0.049717    -0.030969  0.011650           0.049709           0.010776    0.007586     0.136884  0.136857     -0.054631     -0.258823  0.106654 -0.117619        -0.115370    0.001633          -0.021293     -0.031234    -0.028576   -0.031391 -0.030969    0.011650    0.488235 -0.103579            0.040503               0.072798           0.037529                     0.044022                    -0.332455             -0.026419              -0.025140          -0.012505                0.614343                0.630030          -0.000038           0.076812                   0.076812                1.000000               0.037278              0.999970           0.072718                 0.040503                   0.502648              0.040503              -0.429277               -0.152427      0.011650         0.018597     0.008872               0.012831              -0.042982        0.011227         0.012885     0.011172          0.118164          0.103717     0.006303     0.025099             0.025099          0.456011        -0.033616        0.455998     0.018217           0.011650             0.123171        0.011650          0.046712                0.017916        -0.066960          0.009797           0.022192       -0.013159        -0.007251     0.037657
Magnitude_fft_rest_rt             -0.792311          -0.909488      -0.938430                -0.868145                 0.185304         -0.682162          -0.743313      -0.776597           -0.182506           -0.123231      -0.511336      -0.872404              -0.871998            0.434827           0.792957          0.434833      -0.872532         -0.921660          0.341619      -0.488976  0.007663     -0.793280    -0.864558 -0.888326          -0.793285           0.046389    0.096486    -0.669629 -0.669814     -0.036018     -0.122011  0.835610 -0.838654        -0.860298    0.044766           0.410474      0.375528     0.803191    0.375550 -0.864558   -0.888325    0.336309 -0.306855           -0.894816              -0.819834          -0.663626                    -0.886677                    -0.338941             -0.834641              -0.838228          -0.913682                0.131590                0.126598          -0.071360          -0.815376                  -0.815376                0.037278               1.000000              0.037252          -0.820056                -0.894816                   0.274654             -0.894816              -0.303680                0.022846     -0.888325        -0.747993    -0.310102              -0.881680               0.143637       -0.244823        -0.248589    -0.628212         -0.059397         -0.033550    -0.187510    -0.625862            -0.625862          0.098174         0.869972        0.098893    -0.755966          -0.888325            -0.071355       -0.888325          0.234385               -0.837271         0.151499          0.050221           0.044164        0.100054         0.057664     0.040453
Magnitude_fft_ssc_rt               0.057675          -0.092847      -0.037835                -0.055183                 0.476310          0.140748           0.110268       0.051446           -0.262271           -0.169389       0.132819      -0.120914              -0.121749           -0.035879          -0.042683         -0.035605      -0.021791          0.020784          0.430389      -0.204459 -0.015219      0.049858    -0.030866  0.011747           0.049849           0.010920    0.007673     0.137075  0.137048     -0.054512     -0.258690  0.106678 -0.117520        -0.115329    0.001742          -0.021386     -0.031349    -0.028677   -0.031504 -0.030866    0.011747    0.488176 -0.103517            0.040639               0.072974           0.037733                     0.044159                    -0.332373             -0.026296              -0.025029          -0.012366                0.614150                0.629845           0.000156           0.076990                   0.076990                0.999970               0.037252              1.000000           0.072894                 0.040639                   0.502531              0.040639              -0.429144               -0.152174      0.011747         0.018703     0.008949               0.012924              -0.042912        0.011582         0.013234     0.011322          0.118328          0.103928     0.006532     0.025235             0.025235          0.455833        -0.033705        0.455820     0.018323           0.011747             0.123306        0.011747          0.046562                0.017981        -0.066957          0.010085           0.022447       -0.013100        -0.007153     0.037694
Magnitude_fft_rms                  0.924597           0.816174       0.817382                 0.863815                 0.050924          0.906151           0.895437       0.885165           -0.064242           -0.070423       0.764338       0.665933               0.663986           -0.482493          -0.956565         -0.482500       0.891260          0.955546         -0.145862       0.298855 -0.030897      0.910600     0.867113  0.896469           0.910600          -0.054054   -0.127631     0.889520  0.889788      0.013766     -0.076817 -0.668258  0.672428         0.688915   -0.059015          -0.441396     -0.413280    -0.931160   -0.413491  0.867113    0.896469   -0.099845  0.200376            0.981661               1.000000           0.832506                     0.983785                     0.107104              0.761918               0.769170           0.885040                0.096397                0.096861           0.038245           0.999865                   0.999865                0.072718              -0.820056              0.072894           1.000000                 0.981661                   0.016927              0.981661               0.011529               -0.125201      0.896469         0.786523     0.347156               0.890512              -0.200516        0.233685         0.239335     0.608326          0.190357          0.153686     0.185265     0.696817             0.696817         -0.064907        -0.879056       -0.065588     0.793096           0.896469             0.199901        0.896469         -0.237159                0.836591        -0.238565         -0.048708          -0.078827       -0.097273        -0.101349    -0.048652
Magnitude_fft_tot_power            0.911217           0.876602       0.912147                 0.901341                -0.012530          0.856181           0.873911       0.884321           -0.001872           -0.022217       0.699497       0.743250               0.741749           -0.474979          -0.930756         -0.474971       0.915730          0.994220         -0.204501       0.348322 -0.034923      0.904438     0.899121  0.949539           0.904438          -0.057428   -0.127251     0.839513  0.839853      0.022728     -0.024796 -0.736999  0.742271         0.760135   -0.062104          -0.439066     -0.408130    -0.920523   -0.408314  0.899121    0.949539   -0.174800  0.230602            1.000000               0.981573           0.824545                     0.999677                     0.170897              0.813998               0.819817           0.927430                0.030805                0.032084           0.053252           0.979062                   0.979062                0.040503              -0.894816              0.040639           0.981661                 1.000000                  -0.066379              1.000000               0.092648               -0.098727      0.949539         0.851492     0.423312               0.945040              -0.198422        0.259088         0.264200     0.646324          0.166198          0.130756     0.204813     0.755709             0.755709         -0.074092        -0.906469       -0.074814     0.857874           0.949539             0.180036        0.949539         -0.239228                0.899749        -0.234794         -0.048670          -0.074306       -0.098066        -0.091058    -0.050950
Magnitude_fft_dom_freq_rt         -0.062224          -0.364683      -0.237695                -0.263111                 0.929795          0.092653           0.001202      -0.082566           -0.763799           -0.567670       0.152550      -0.459208              -0.460841            0.100898           0.034911          0.100831      -0.221968         -0.112397          0.899244      -0.711090 -0.012764     -0.084689    -0.245058 -0.136227          -0.084698           0.000974   -0.002484     0.087326  0.087395     -0.107349     -0.652917  0.420249 -0.426780        -0.435296   -0.008692           0.112540      0.084711     0.070482    0.084974 -0.245058   -0.136227    0.896397 -0.363300           -0.066379               0.017136           0.027581                    -0.058299                    -0.837094             -0.179079              -0.175235          -0.157348                0.818928                0.815484          -0.079617           0.022992                   0.022992                0.502648               0.274654              0.502531           0.016927                -0.066379                   1.000000             -0.066379              -0.979582               -0.316798     -0.136227        -0.101689    -0.044026              -0.134743               0.011741       -0.081575        -0.083371    -0.129726          0.224128          0.204581    -0.067472    -0.060635            -0.060635          0.306279         0.075230        0.306448    -0.103651          -0.136227             0.221398       -0.136227          0.193078               -0.131639        -0.067453         -0.031947           0.017948        0.055373         0.014509     0.085786
Magnitude_fft_energy               0.911217           0.876602       0.912147                 0.901341                -0.012530          0.856181           0.873911       0.884321           -0.001872           -0.022217       0.699497       0.743250               0.741749           -0.474979          -0.930756         -0.474971       0.915730          0.994220         -0.204501       0.348322 -0.034923      0.904438     0.899121  0.949539           0.904438          -0.057428   -0.127251     0.839513  0.839853      0.022728     -0.024796 -0.736999  0.742271         0.760135   -0.062104          -0.439066     -0.408130    -0.920523   -0.408314  0.899121    0.949539   -0.174800  0.230602            1.000000               0.981573           0.824545                     0.999677                     0.170897              0.813998               0.819817           0.927430                0.030805                0.032084           0.053252           0.979062                   0.979062                0.040503              -0.894816              0.040639           0.981661                 1.000000                  -0.066379              1.000000               0.092648               -0.098727      0.949539         0.851492     0.423312               0.945040              -0.198422        0.259088         0.264200     0.646324          0.166198          0.130756     0.204813     0.755709             0.755709         -0.074092        -0.906469       -0.074814     0.857874           0.949539             0.180036        0.949539         -0.239228                0.899749        -0.234794         -0.048670          -0.074306       -0.098066        -0.091058    -0.050950
Magnitude_fft_entropy              0.101951           0.392088       0.254262                 0.286852                -0.906431         -0.043323           0.046475       0.118144            0.832321            0.647923      -0.113761       0.507799               0.509363           -0.124621          -0.060845         -0.124523       0.255326          0.136578         -0.892838       0.746032  0.017678      0.125723     0.278883  0.157010           0.125733          -0.005327   -0.002439    -0.034900 -0.035036      0.132488      0.695280 -0.457761  0.470437         0.477077    0.005423          -0.133597     -0.101629    -0.095392   -0.101851  0.278883    0.157010   -0.856983  0.374614            0.092648               0.011326          -0.016748                     0.083333                     0.905492              0.230150               0.225952           0.201280               -0.719755               -0.712734           0.112157           0.006399                   0.006399               -0.429277              -0.303680             -0.429144           0.011529                 0.092648                  -0.979582              0.092648               1.000000                0.380731      0.157010         0.107473     0.031131               0.154028               0.019468        0.100607         0.103978     0.164132         -0.238006         -0.214672     0.084440     0.061158             0.061158         -0.283777        -0.098906       -0.283987     0.110124           0.157010            -0.233036        0.157010         -0.196339                0.143255         0.100241          0.067958          -0.006471       -0.074624        -0.035063    -0.065753
Magnitude_fft_flatness            -0.133498          -0.023987      -0.030456                -0.077188                -0.262513         -0.165618          -0.141177      -0.125590            0.489084            0.635228      -0.157041       0.092526               0.093408            0.251242           0.115450          0.251696      -0.078915         -0.082545         -0.176230       0.015276  0.053942     -0.117086    -0.060493 -0.068237          -0.117073          -0.036393   -0.002301    -0.152874 -0.152985      0.294439      0.643034 -0.039306  0.083801         0.063801    0.005255           0.235566      0.237520     0.091633    0.237784 -0.060489   -0.068236   -0.192344 -0.052030           -0.098727              -0.125265          -0.074958                    -0.104863                     0.405358              0.137371               0.117889           0.011413               -0.223701               -0.217305           0.635901          -0.126259                  -0.126259               -0.152427               0.022846             -0.152174          -0.125201                -0.098727                  -0.316798             -0.098727               0.380731                1.000000     -0.068234        -0.078374    -0.026186              -0.071726               0.406656        0.290338         0.310803     0.101783         -0.244356         -0.181581     0.248048    -0.080440            -0.080442         -0.146124         0.080793       -0.146099    -0.077788          -0.068234            -0.242199       -0.068234          0.176467               -0.083862         0.417109          0.734700           0.028400        0.009241        -0.011635     0.009625
PC1_fft_mean                       0.839612           0.876518       0.944299                 0.880021                -0.069579          0.752087           0.793076       0.826041            0.047512            0.013946       0.589329       0.755854               0.754862           -0.428600          -0.848916         -0.428534       0.879817          0.964529         -0.240809       0.364165 -0.057044      0.868446     0.906939  1.000000           0.868448          -0.056524   -0.121453     0.755625  0.756087      0.026883      0.028975 -0.784172  0.790308         0.809066   -0.063292          -0.403720     -0.379214    -0.886895   -0.379400  0.906938    1.000000   -0.239852  0.243500            0.949539               0.896297           0.739693                     0.948304                     0.213704              0.794472               0.798193           0.885916               -0.031080               -0.029372           0.063697           0.890828                   0.890828                0.011650              -0.888325              0.011747           0.896469                 0.949539                  -0.136227              0.949539               0.157010               -0.068234      1.000000         0.926495     0.531662               0.999516              -0.210084        0.293583         0.298541     0.670715          0.133229          0.097681     0.236075     0.819197             0.819197         -0.077309        -0.915157       -0.077950     0.932113           1.000000             0.152230        1.000000         -0.218055                0.974202        -0.237242         -0.045454          -0.071863       -0.091401        -0.062444    -0.071336
PC1_fft_std_dev                    0.691897           0.736570       0.887056                 0.751069                -0.053745          0.600042           0.643791       0.689797            0.013808           -0.011008       0.472193       0.589197               0.588368           -0.361703          -0.688040         -0.361629       0.732403          0.875481         -0.189606       0.266314 -0.087861      0.722100     0.760499  0.926494           0.722103          -0.059670   -0.135520     0.597380  0.598103      0.018024      0.002628 -0.615887  0.617928         0.633977   -0.073306          -0.348180     -0.329351    -0.729549   -0.329438  0.760499    0.926495   -0.197832  0.181238            0.851492               0.786334           0.742932                     0.855058                     0.144207              0.637079               0.638156           0.734711               -0.030281               -0.029309           0.065726           0.778848                   0.778848                0.018597              -0.747993              0.018703           0.786523                 0.851492                  -0.101689              0.851492               0.107473               -0.078374      0.926495         1.000000     0.794543               0.935153              -0.257110        0.290035         0.294102     0.584984          0.204669          0.167061     0.250549     0.966711             0.966711         -0.059135        -0.741344       -0.059723     0.999882           0.926495             0.237329        0.926495         -0.184050                0.959870        -0.318557         -0.037689          -0.075188       -0.070636        -0.041653    -0.068959
PC1_fft_var                        0.222006           0.291649       0.540655                 0.308968                -0.032679          0.141567           0.183834       0.240442           -0.008196           -0.014594       0.104010       0.171364               0.171268           -0.085609          -0.198008         -0.085545       0.263449          0.461343         -0.058656       0.031259 -0.122716      0.249106     0.288135  0.531658           0.249104          -0.047913   -0.116319     0.133772  0.134545      0.019403     -0.008652 -0.175301  0.188790         0.187241   -0.069835          -0.092601     -0.079863    -0.236164   -0.079793  0.288135    0.531660   -0.080605  0.013532            0.423312               0.346969           0.494688                     0.431209                     0.017840              0.249748               0.246525           0.300544               -0.038506               -0.038284           0.040144           0.337699                   0.337699                0.008872              -0.310102              0.008949           0.347156                 0.423312                  -0.044026              0.423312               0.031131               -0.026186      0.531662         0.794543     1.000000               0.550685              -0.153366        0.198373         0.200165     0.319185          0.131089          0.112375     0.189543     0.867407             0.867407          0.005970        -0.243635        0.005634     0.786554           0.531662             0.177398        0.531662         -0.041635                0.633031        -0.224602         -0.008491          -0.058935       -0.013363        -0.015877    -0.033826
PC1_fft_avg_diff_mean              0.831471           0.869860       0.943803                 0.873477                -0.069369          0.743199           0.784081       0.818101            0.045270            0.011689       0.582583       0.746725               0.745744           -0.427371          -0.839734         -0.427304       0.872311          0.961001         -0.238268       0.359734 -0.060338      0.860792     0.900302  0.999516           0.860793          -0.055515   -0.120098     0.746409  0.746884      0.024922      0.027038 -0.776775  0.781326         0.800631   -0.062952          -0.403162     -0.379839    -0.878312   -0.380019  0.900302    0.999516   -0.238310  0.241024            0.945040               0.890337           0.739216                     0.944246                     0.209453              0.781362               0.784945           0.874452               -0.032074               -0.030393           0.062835           0.884633                   0.884633                0.012831              -0.881680              0.012924           0.890512                 0.945040                  -0.134743              0.945040               0.154028               -0.071726      0.999516         0.935153     0.550685               1.000000              -0.219712        0.291712         0.296476     0.663146          0.137950          0.101384     0.235732     0.830182             0.830181         -0.075485        -0.906884       -0.076121     0.940406           0.999516             0.157955        0.999516         -0.217065                0.979544        -0.247101         -0.046368          -0.072132       -0.090219        -0.058706    -0.072578
PC1_fft_above_mean_rt             -0.248415          -0.199261      -0.171326                -0.226990                 0.057581         -0.244317          -0.226849      -0.231208            0.122546            0.217294      -0.222795      -0.082833              -0.082032            0.558426           0.175257          0.558374      -0.230395         -0.194744          0.184902      -0.266781  0.042034     -0.251967    -0.237212 -0.210084          -0.251969          -0.048793   -0.030186    -0.241380 -0.241766      0.147575      0.209646  0.139367 -0.088549        -0.116483   -0.041553           0.583114      0.652024     0.165103    0.651878 -0.237211   -0.210084    0.131747 -0.175111           -0.198422              -0.200511          -0.133700                    -0.205193                    -0.045293              0.030509               0.029001          -0.050256               -0.028794               -0.026921           0.129589          -0.199067                  -0.199067               -0.042982               0.143637             -0.042912          -0.200516                -0.198422                   0.011741             -0.198422               0.019468                0.406656     -0.210084        -0.257110    -0.153366              -0.219712               1.000000       -0.014290        -0.009095    -0.021665         -0.547499         -0.429841    -0.005309    -0.253228            -0.253228          0.132548         0.168943        0.132642    -0.255240          -0.210084            -0.565594       -0.210084          0.338310               -0.267776         0.905816          0.187608           0.031156        0.113954        -0.069345     0.003478
PC1_fft_median                     0.246599           0.279088       0.281141                 0.277946                -0.043977          0.204838           0.220589       0.246920            0.078550            0.123736       0.149867       0.244352               0.244209           -0.117255          -0.244337         -0.116643       0.270001          0.269329         -0.102989       0.102230 -0.026207      0.260578     0.284336  0.293574           0.260597          -0.039604   -0.041243     0.208372  0.208690      0.076281      0.145111 -0.245652  0.266591         0.263455   -0.027878          -0.100769     -0.110480    -0.257907   -0.110585  0.284339    0.293579   -0.108647  0.036584            0.259088               0.233613           0.140324                     0.258607                     0.131753              0.339241               0.308715           0.245323               -0.021949               -0.021276           0.435311           0.231406                   0.231406                0.011227              -0.244823              0.011582           0.233685                 0.259088                  -0.081575              0.259088               0.100607                0.290338      0.293583         0.290035     0.198373               0.291712              -0.014290        1.000000         0.996544     0.485469          0.030097          0.022562     0.756756     0.266283             0.266280         -0.223195        -0.248758       -0.223554     0.291153           0.293583             0.033403        0.293583         -0.056793                0.287521        -0.002497          0.417716          -0.009700       -0.037822        -0.041351    -0.031526
PC1_fft_med_dev                    0.252432           0.283911       0.284442                 0.282669                -0.044535          0.210993           0.226037       0.252146            0.085399            0.137079       0.156263       0.250641               0.250484           -0.119476          -0.250067         -0.118894       0.275469          0.274055         -0.105077       0.103415 -0.030237      0.266716     0.290183  0.298530           0.266737          -0.043434   -0.047437     0.215161  0.215506      0.080503      0.159721 -0.251627  0.273559         0.270117   -0.030256          -0.101579     -0.110885    -0.264145   -0.110949  0.290187    0.298535   -0.109756  0.036443            0.264200               0.239263           0.144269                     0.263716                     0.138576              0.345936               0.315441           0.250536               -0.021077               -0.020428           0.466146           0.237087                   0.237087                0.012885              -0.248589              0.013234           0.239335                 0.264200                  -0.083371              0.264200               0.103978                0.310803      0.298541         0.294102     0.200165               0.296476              -0.009095        0.996544         1.000000     0.514161          0.030206          0.023540     0.777372     0.270593             0.270589         -0.230080        -0.253058       -0.230415     0.295279           0.298541             0.033645        0.298541         -0.054995                0.292031         0.002757          0.437964          -0.010711       -0.039020        -0.042753    -0.031565
PC1_fft_iqr                        0.612551           0.646372       0.645720                 0.639018                -0.067415          0.548615           0.568231       0.594039            0.096176            0.093700       0.433562       0.604384               0.603755           -0.287185          -0.613145         -0.287381       0.646058          0.657303         -0.195108       0.273580 -0.077304      0.630114     0.658255  0.670699           0.630133          -0.067381   -0.126608     0.555404  0.555913      0.075615      0.097105 -0.588380  0.633110         0.628168   -0.061889          -0.254883     -0.228912    -0.632359   -0.228721  0.658260    0.670707   -0.185600  0.142591            0.646324               0.608200           0.412571                     0.642194                     0.221988              0.698586               0.692624           0.668608               -0.033037               -0.030397           0.187785           0.604890                   0.604890                0.011172              -0.628212              0.011322           0.608326                 0.646324                  -0.129726              0.646324               0.164132                0.101783      0.670715         0.584984     0.319185               0.663146              -0.021665        0.485469         0.514161     1.000000          0.047853          0.041338     0.424022     0.507734             0.507733         -0.164632        -0.633543       -0.165169     0.590610           0.670715             0.056222        0.670715         -0.150116                0.617753        -0.030771          0.105593          -0.053354       -0.077137        -0.098248    -0.036010
PC1_fft_skewness                   0.211731           0.092479       0.095016                 0.142733                 0.192490          0.246227           0.206545       0.193345           -0.258469           -0.230898       0.262565      -0.010715              -0.011887           -0.385741          -0.154167         -0.385834       0.157654          0.150417          0.074320      -0.017273 -0.028984      0.195575     0.137363  0.133228           0.195575           0.074137    0.011178     0.234991  0.235648     -0.067970     -0.250018  0.000033 -0.013523        -0.007131    0.069688          -0.414267     -0.425935    -0.123658   -0.425712  0.137363    0.133228    0.114163  0.065417            0.166198               0.190407           0.140911                     0.172538                    -0.144512              0.002389               0.002757           0.058743                0.185559                0.182888          -0.024044           0.190819                   0.190819                0.118164              -0.059397              0.118328           0.190357                 0.166198                   0.224128              0.166198              -0.238006               -0.244356      0.133229         0.204669     0.131089               0.137950              -0.547499        0.030097         0.030206     0.047853          1.000000          0.964667     0.021568     0.270879             0.270879         -0.069267        -0.098984       -0.069422     0.201802           0.133229             0.981023        0.133229         -0.225182                0.160525        -0.769517         -0.055437          -0.019908       -0.096776         0.016564     0.067994
PC1_fft_kurtosis                   0.172779           0.063036       0.066424                 0.105046                 0.181626          0.209076           0.166817       0.151786           -0.216086           -0.176549       0.237429      -0.017268              -0.018344           -0.307540          -0.119766         -0.307636       0.123444          0.116158          0.087761      -0.045515 -0.027283      0.155704     0.102597  0.097680           0.155705           0.075306    0.011735     0.198777  0.199367     -0.048617     -0.190599  0.014079 -0.020778        -0.017992    0.072778          -0.335974     -0.346531    -0.088713   -0.346284  0.102597    0.097680    0.117120  0.042053            0.130756               0.153732           0.112920                     0.136129                    -0.133564              0.004320               0.004562           0.046572                0.156181                0.154623          -0.012034           0.154264                   0.154264                0.103717              -0.033550              0.103928           0.153686                 0.130756                   0.204581              0.130756              -0.214672               -0.181581      0.097681         0.167061     0.112375               0.101384              -0.429841        0.022562         0.023540     0.041338          0.964667          1.000000     0.015137     0.242124             0.242124         -0.062104        -0.064896       -0.062223     0.164338           0.097681             0.954216        0.097681         -0.172179                0.117536        -0.648303         -0.035783          -0.012748       -0.074900         0.009143     0.061768
PC1_fft_min                        0.191668           0.215871       0.221416                 0.211760                -0.039763          0.161902           0.169411       0.186694            0.080816            0.118017       0.135268       0.195346               0.195164           -0.098325          -0.187284         -0.098057       0.209337          0.212692         -0.080429       0.068635 -0.025642      0.201123     0.221458  0.236065           0.201147          -0.041868   -0.042298     0.164732  0.165008      0.016368      0.140408 -0.197875  0.207200         0.208248   -0.036672          -0.078008     -0.089554    -0.194381   -0.089480  0.221462    0.236070   -0.078573  0.008326            0.204813               0.185209           0.114579                     0.205448                     0.110263              0.263007               0.239130           0.176983               -0.016892               -0.016243           0.474914           0.183342                   0.183342                0.006303              -0.187510              0.006532           0.185265                 0.204813                  -0.067472              0.204813               0.084440                0.248048      0.236075         0.250549     0.189543               0.235732              -0.005309        0.756756         0.777372     0.424022          0.021568          0.015137     1.000000     0.235671             0.235667         -0.187247        -0.172499       -0.187455     0.250793           0.236075             0.029403        0.236075         -0.036409                0.243580        -0.001549          0.352336          -0.012366       -0.029642        -0.031569    -0.022052
PC1_fft_max                        0.586644           0.614874       0.790588                 0.640875                -0.027049          0.506014           0.545863       0.590813           -0.016512           -0.030647       0.406016       0.461240               0.460431           -0.311803          -0.578408         -0.311750       0.615808          0.777868         -0.142846       0.193753 -0.088845      0.612025     0.636940  0.819195           0.612030          -0.063459   -0.145976     0.499225  0.500071      0.015861     -0.021288 -0.477875  0.482587         0.493557   -0.079058          -0.304604     -0.286760    -0.613316   -0.286805  0.636941    0.819196   -0.150690  0.134694            0.755709               0.696652           0.718606                     0.761257                     0.090374              0.528560               0.528742           0.628366               -0.010752               -0.010268           0.057110           0.689590                   0.689590                0.025099              -0.625862              0.025235           0.696817                 0.755709                  -0.060635              0.755709               0.061158               -0.080440      0.819197         0.966711     0.867407               0.830182              -0.253228        0.266283         0.270593     0.507734          0.270879          0.242124     0.235671     1.000000             1.000000         -0.051717        -0.605632       -0.052241     0.963556           0.819197             0.311175        0.819197         -0.161168                0.870500        -0.342839         -0.031439          -0.075497       -0.056436        -0.038270    -0.061993
PC1_fft_maxmin_diff                0.586643           0.614874       0.790588                 0.640875                -0.027049          0.506014           0.545863       0.590813           -0.016512           -0.030647       0.406016       0.461239               0.460431           -0.311803          -0.578408         -0.311750       0.615808          0.777868         -0.142846       0.193752 -0.088845      0.612025     0.636940  0.819194           0.612030          -0.063459   -0.145975     0.499225  0.500071      0.015861     -0.021288 -0.477875  0.482587         0.493557   -0.079058          -0.304604     -0.286760    -0.613315   -0.286805  0.636940    0.819196   -0.150689  0.134694            0.755709               0.696652           0.718607                     0.761257                     0.090373              0.528559               0.528741           0.628366               -0.010752               -0.010268           0.057108           0.689589                   0.689589                0.025099              -0.625862              0.025235           0.696817                 0.755709                  -0.060635              0.755709               0.061158               -0.080442      0.819197         0.966711     0.867407               0.830181              -0.253228        0.266280         0.270589     0.507733          0.270879          0.242124     0.235667     1.000000             1.000000         -0.051716        -0.605632       -0.052240     0.963556           0.819197             0.311175        0.819197         -0.161168                0.870499        -0.342839         -0.031441          -0.075497       -0.056436        -0.038270    -0.061993
PC1_fft_peaks_rt                  -0.146718          -0.194068      -0.086244                -0.182834                 0.312967         -0.106558          -0.106800      -0.131078           -0.157167           -0.090418      -0.083052      -0.177527              -0.177536            0.234638           0.089112          0.234346      -0.177019         -0.078552          0.349566      -0.214580 -0.005704     -0.150816    -0.180152 -0.077305          -0.150831          -0.001282   -0.012449    -0.113245 -0.113428     -0.007993     -0.148853  0.184115 -0.182781        -0.188500   -0.014542           0.220447      0.233040     0.084214    0.232925 -0.180155   -0.077307    0.324358 -0.053401           -0.074092              -0.064877           0.000935                    -0.073445                    -0.270141             -0.089380              -0.083069          -0.078669                0.302174                0.308227          -0.077299          -0.063273                  -0.063273                0.456011               0.098174              0.455833          -0.064907                -0.074092                   0.306279             -0.074092              -0.283777               -0.146124     -0.077309        -0.059135     0.005970              -0.075485               0.132548       -0.223195        -0.230080    -0.164632         -0.069267         -0.062104    -0.187247    -0.051717            -0.051716          1.000000         0.047083        0.999947    -0.060051          -0.077309            -0.063897       -0.077309          0.141114               -0.068361         0.083043         -0.272538           0.005490        0.073536         0.022550    -0.000675
PC1_fft_rest_rt                   -0.810055          -0.811623      -0.848383                -0.813865                 0.028545         -0.751887          -0.774304      -0.784207           -0.020893            0.006523      -0.599329      -0.717203              -0.716085            0.388638           0.875138          0.388570      -0.831242         -0.906875          0.166640      -0.315967  0.030520     -0.830865    -0.850654 -0.915158          -0.830866           0.043385    0.097842    -0.757861 -0.758178     -0.006419     -0.005050  0.748439 -0.750277        -0.770084    0.045661           0.360809      0.341699     0.909623    0.341814 -0.850653   -0.915158    0.160583 -0.213885           -0.906469              -0.878945          -0.667003                    -0.902288                    -0.164314             -0.792676              -0.798116          -0.880863               -0.014113               -0.015924          -0.037502          -0.876787                  -0.876787               -0.033616               0.869972             -0.033705          -0.879056                -0.906469                   0.075230             -0.906469              -0.098906                0.080793     -0.915157        -0.741344    -0.243635              -0.906884               0.168943       -0.248758        -0.253058    -0.633543         -0.098984         -0.064896    -0.172499    -0.605632            -0.605632          0.047083         1.000000        0.047618    -0.750459          -0.915157            -0.104280       -0.915157          0.191861               -0.845866         0.175857          0.041916           0.073214        0.079087         0.059007     0.069994
PC1_fft_ssc_rt                    -0.147519          -0.194889      -0.086963                -0.183677                 0.312974         -0.107274          -0.107566      -0.131908           -0.157217           -0.090427      -0.083594      -0.178260              -0.178269            0.234997           0.089782          0.234708      -0.177847         -0.079286          0.349952      -0.215029 -0.007071     -0.151584    -0.180917 -0.077945          -0.151599          -0.001228   -0.012882    -0.113919 -0.114104     -0.007782     -0.148706  0.184822 -0.183402        -0.189181   -0.014999           0.220789      0.233219     0.084786    0.233134 -0.180920   -0.077948    0.324718 -0.053573           -0.074814              -0.065558           0.000462                    -0.074161                    -0.270458             -0.090070              -0.083757          -0.079421                0.302188                0.308251          -0.077405          -0.063950                  -0.063950                0.455998               0.098893              0.455820          -0.065588                -0.074814                   0.306448             -0.074814              -0.283987               -0.146099     -0.077950        -0.059723     0.005634              -0.076121               0.132642       -0.223554        -0.230415    -0.165169         -0.069422         -0.062223    -0.187455    -0.052241            -0.052240          0.999947         0.047618        1.000000    -0.060643          -0.077950            -0.064080       -0.077950          0.141528               -0.068963         0.083230         -0.272507           0.005375        0.073628         0.022941    -0.001285
PC1_fft_rms                        0.699817           0.744503       0.892109                 0.758531                -0.054708          0.607786           0.651632       0.697285            0.015527           -0.009704       0.478103       0.597973               0.597136           -0.365147          -0.696410         -0.365072       0.740530          0.881625         -0.192381       0.271148 -0.086920      0.730054     0.768650  0.932111           0.730057          -0.059772   -0.135437     0.605370  0.606084      0.018622      0.004025 -0.624653  0.627005         0.643149   -0.073169          -0.351113     -0.331937    -0.737880   -0.332028  0.768650    0.932112   -0.200272  0.184212            0.857874               0.792908           0.744776                     0.861237                     0.147720              0.645915               0.647101           0.743331               -0.030573               -0.029561           0.065902           0.785478                   0.785478                0.018217              -0.755966              0.018323           0.793096                 0.857874                  -0.103651              0.857874               0.110124               -0.077788      0.932113         0.999882     0.786554               0.940406              -0.255240        0.291153         0.295279     0.590610          0.201802          0.164338     0.250793     0.963556             0.963556         -0.060051        -0.750459       -0.060643     1.000000           0.932113             0.234077        0.932113         -0.185744                0.963060        -0.315464         -0.038052          -0.075272       -0.071695        -0.042806    -0.069154
PC1_fft_tot_power                  0.839612           0.876518       0.944299                 0.880021                -0.069579          0.752087           0.793076       0.826041            0.047512            0.013946       0.589329       0.755854               0.754862           -0.428600          -0.848916         -0.428534       0.879817          0.964529         -0.240809       0.364165 -0.057044      0.868446     0.906939  1.000000           0.868448          -0.056524   -0.121453     0.755625  0.756087      0.026883      0.028975 -0.784172  0.790308         0.809066   -0.063292          -0.403720     -0.379214    -0.886895   -0.379400  0.906938    1.000000   -0.239852  0.243500            0.949539               0.896297           0.739693                     0.948304                     0.213704              0.794472               0.798193           0.885916               -0.031080               -0.029372           0.063697           0.890828                   0.890828                0.011650              -0.888325              0.011747           0.896469                 0.949539                  -0.136227              0.949539               0.157010               -0.068234      1.000000         0.926495     0.531662               0.999516              -0.210084        0.293583         0.298541     0.670715          0.133229          0.097681     0.236075     0.819197             0.819197         -0.077309        -0.915157       -0.077950     0.932113           1.000000             0.152230        1.000000         -0.218055                0.974202        -0.237242         -0.045454          -0.071863       -0.091401        -0.062444    -0.071336
PC1_fft_dom_freq_rt                0.219285           0.104633       0.116400                 0.154132                 0.193989          0.250483           0.213163       0.202091           -0.251098           -0.220966       0.262244      -0.000158              -0.001307           -0.399981          -0.156797         -0.400045       0.167832          0.166470          0.069853      -0.006991 -0.033428      0.204758     0.149192  0.152229           0.204759           0.069504    0.007113     0.239437  0.240083     -0.063964     -0.239427 -0.010953 -0.002158         0.004358    0.064186          -0.428826     -0.444496    -0.126379   -0.444358  0.149193    0.152230    0.110402  0.067999            0.180036               0.199940           0.157048                     0.186658                    -0.137822              0.012917               0.013219           0.069076                0.189692                0.187497          -0.019320           0.200016                   0.200016                0.123171              -0.071355              0.123306           0.199901                 0.180036                   0.221398              0.180036              -0.233036               -0.242199      0.152230         0.237329     0.177398               0.157955              -0.565594        0.033403         0.033645     0.056222          0.981023          0.954216     0.029403     0.311175             0.311175         -0.063897        -0.104280       -0.064080     0.234077           0.152230             1.000000        0.152230         -0.223554                0.185593        -0.779266         -0.058470          -0.019116       -0.092333         0.017920     0.067830
PC1_fft_energy                     0.839612           0.876518       0.944299                 0.880021                -0.069579          0.752087           0.793076       0.826041            0.047512            0.013946       0.589329       0.755854               0.754862           -0.428600          -0.848916         -0.428534       0.879817          0.964529         -0.240809       0.364165 -0.057044      0.868446     0.906939  1.000000           0.868448          -0.056524   -0.121453     0.755625  0.756087      0.026883      0.028975 -0.784172  0.790308         0.809066   -0.063292          -0.403720     -0.379214    -0.886895   -0.379400  0.906938    1.000000   -0.239852  0.243500            0.949539               0.896297           0.739693                     0.948304                     0.213704              0.794472               0.798193           0.885916               -0.031080               -0.029372           0.063697           0.890828                   0.890828                0.011650              -0.888325              0.011747           0.896469                 0.949539                  -0.136227              0.949539               0.157010               -0.068234      1.000000         0.926495     0.531662               0.999516              -0.210084        0.293583         0.298541     0.670715          0.133229          0.097681     0.236075     0.819197             0.819197         -0.077309        -0.915157       -0.077950     0.932113           1.000000             0.152230        1.000000         -0.218055                0.974202        -0.237242         -0.045454          -0.071863       -0.091401        -0.062444    -0.071336
PC1_fft_dom_freq                  -0.315772          -0.318149      -0.213575                -0.320740                 0.192441         -0.289744          -0.295799      -0.303231           -0.097617           -0.018491      -0.240389      -0.284459              -0.284004            0.533113           0.250670          0.533096      -0.324742         -0.236631          0.332407      -0.377427  0.020110     -0.304424    -0.309917 -0.218054          -0.304426          -0.001535    0.011430    -0.278244 -0.278316      0.009690     -0.021009  0.268037 -0.260974        -0.271727    0.005948           0.572881      0.462385     0.228973    0.462475 -0.309917   -0.218055    0.236312 -0.361410           -0.239228              -0.237143          -0.122132                    -0.239561                    -0.239617             -0.134932              -0.135927          -0.202339                0.095612                0.094866           0.030063          -0.236522                  -0.236522                0.046712               0.234385              0.046562          -0.237159                -0.239228                   0.193078             -0.239228              -0.196339                0.176467     -0.218055        -0.184050    -0.041635              -0.217065               0.338310       -0.056793        -0.054995    -0.150116         -0.225182         -0.172179    -0.036409    -0.161168            -0.161168          0.141114         0.191861        0.141528    -0.185744          -0.218055            -0.223554       -0.218055          1.000000               -0.191325         0.332377          0.068134           0.041983        0.077825         0.026481    -0.077381
PC1_fft_pw_ar_dom_freq             0.768049           0.818804       0.923868                 0.819697                -0.072870          0.676400           0.717157       0.756111            0.041142            0.008268       0.526459       0.688830               0.687972           -0.417319          -0.770597         -0.417277       0.814227          0.921572         -0.224301       0.339043 -0.070422      0.799099     0.846247  0.974201           0.799101          -0.048220   -0.109415     0.677186  0.677684      0.007916      0.027102 -0.731239  0.720856         0.745980   -0.057438          -0.395682     -0.383085    -0.811722   -0.383229  0.846247    0.974202   -0.231393  0.220026            0.899749               0.836397           0.718030                     0.901034                     0.191488              0.695446               0.697743           0.794163               -0.041969               -0.040232           0.065326           0.829673                   0.829673                0.017916              -0.837271              0.017981           0.836591                 0.899749                  -0.131639              0.899749               0.143255               -0.083862      0.974202         0.959870     0.633031               0.979544              -0.267776        0.287521         0.292031     0.617753          0.160525          0.117536     0.243580     0.870500             0.870499         -0.068361        -0.845866       -0.068963     0.963060           0.974202             0.185593        0.974202         -0.191325                1.000000        -0.297802         -0.043961          -0.068035       -0.081990        -0.031248    -0.081974
PC1_fft_entropy                   -0.271326          -0.201076      -0.199849                -0.240636                -0.025109         -0.272671          -0.252548      -0.256546            0.191721            0.249657      -0.258200      -0.068115              -0.067128            0.556311           0.195479          0.556340      -0.243270         -0.229687          0.114890      -0.193180  0.041646     -0.269397    -0.241649 -0.237242          -0.269397          -0.059114   -0.018902    -0.264737 -0.265334      0.122176      0.248675  0.113155 -0.071283        -0.094253   -0.050545           0.587710      0.633654     0.180397    0.633560 -0.241649   -0.237242    0.065339 -0.168706           -0.234794              -0.238564          -0.186072                    -0.242529                     0.023791              0.005265               0.003083          -0.079912               -0.078682               -0.076174           0.104296          -0.236989                  -0.236989               -0.066960               0.151499             -0.066957          -0.238565                -0.234794                  -0.067453             -0.234794               0.100241                0.417109     -0.237242        -0.318557    -0.224602              -0.247101               0.905816       -0.002497         0.002757    -0.030771         -0.769517         -0.648303    -0.001549    -0.342839            -0.342839          0.083043         0.175857        0.083230    -0.315464          -0.237242            -0.779266       -0.237242          0.332377               -0.297802         1.000000          0.225840           0.029314        0.112767        -0.066836    -0.027225
PC1_fft_flatness                  -0.062671          -0.055509      -0.042569                -0.063392                -0.017898         -0.058107          -0.062309      -0.063614            0.182787            0.342345      -0.043320      -0.027696              -0.027564            0.057575           0.049077          0.058513      -0.060336         -0.047910          0.013362      -0.094876  0.022768     -0.062722    -0.057990 -0.045459          -0.062708          -0.009478    0.003911    -0.057598 -0.057622      0.153151      0.368363  0.041458 -0.025181        -0.034041    0.015275           0.066777      0.062510     0.046731    0.062884 -0.057985   -0.045457    0.020318 -0.093127           -0.048670              -0.048706          -0.028248                    -0.049042                     0.124565              0.025342               0.006049          -0.039742                0.008703                0.009819           0.607943          -0.048557                  -0.048557                0.009797               0.050221              0.010085          -0.048708                -0.048670                  -0.031947             -0.048670               0.067958                0.734700     -0.045454        -0.037689    -0.008491              -0.046368               0.187608        0.417716         0.437964     0.105593         -0.055437         -0.035783     0.352336    -0.031439            -0.031441         -0.272538         0.041916       -0.272507    -0.038052          -0.045454            -0.058470       -0.045454          0.068134               -0.043961         0.225840          1.000000          -0.006215        0.002268        -0.011162     0.016781
Constancy_of_rest                 -0.040368          -0.038850      -0.056180                -0.043771                 0.002014         -0.034009          -0.030875      -0.037485            0.021774            0.014912      -0.049359      -0.028232              -0.028075            0.015869           0.081129          0.015911      -0.041397         -0.070838         -0.008794      -0.014375 -0.000994     -0.045889    -0.043167 -0.071862          -0.045894           0.056997    0.060567    -0.038710 -0.038603      0.005677      0.028927  0.021778 -0.023285        -0.023172    0.053419           0.028665     -0.005693     0.090752   -0.005898 -0.043167   -0.071862    0.024651 -0.052898           -0.074306              -0.078834          -0.092516                    -0.075002                    -0.012970             -0.036910              -0.038451          -0.059224                0.046274                0.048412           0.006867          -0.078510                  -0.078510                0.022192               0.044164              0.022447          -0.078827                -0.074306                   0.017948             -0.074306              -0.006471                0.028400     -0.071863        -0.075188    -0.058935              -0.072132               0.031156       -0.009700        -0.010711    -0.053354         -0.019908         -0.012748    -0.012366    -0.075497            -0.075497          0.005490         0.073214        0.005375    -0.075272          -0.071863            -0.019116       -0.071863          0.041983               -0.068035         0.029314         -0.006215           1.000000        0.118265         0.291336     0.440787
Kinetic_tremor                    -0.146892          -0.138569      -0.087195                -0.141167                 0.073671         -0.141060          -0.142397      -0.140812           -0.042960           -0.008947      -0.114894      -0.124348              -0.124106            0.173966           0.101912          0.173679      -0.146064         -0.096909          0.134341      -0.160990  0.000621     -0.144983    -0.141227 -0.091401          -0.144984           0.027921    0.022204    -0.141017 -0.140925     -0.088109      0.015190  0.114281 -0.127221        -0.124246    0.028345           0.140816      0.152038     0.096994    0.152077 -0.141227   -0.091401    0.061079 -0.062858           -0.098066              -0.097266          -0.043177                    -0.097783                    -0.102964             -0.090083              -0.090448          -0.095921               -0.022423               -0.023700          -0.010964          -0.097134                  -0.097134               -0.013159               0.100054             -0.013100          -0.097273                -0.098066                   0.055373             -0.098066              -0.074624                0.009241     -0.091401        -0.070636    -0.013363              -0.090219               0.113954       -0.037822        -0.039020    -0.077137         -0.096776         -0.074900    -0.029642    -0.056436            -0.056436          0.073536         0.079087        0.073628    -0.071695          -0.091401            -0.092333       -0.091401          0.077825               -0.081990         0.112767          0.002268           0.118265        1.000000         0.405942     0.268305
Postural_tremor                   -0.128008          -0.097842      -0.057941                -0.106853                 0.033840         -0.132724          -0.116046      -0.111974           -0.019587           -0.007010      -0.135687      -0.093600              -0.093203            0.069880           0.102633          0.070006      -0.116491         -0.083953          0.060006      -0.109353 -0.000123     -0.114163    -0.096730 -0.062444          -0.114163           0.151461    0.108940    -0.128113 -0.128248     -0.154269      0.010588  0.040121 -0.100224        -0.072849    0.154482           0.012827     -0.006624     0.088313   -0.006514 -0.096730   -0.062444   -0.007259 -0.081153           -0.091058              -0.101367          -0.064913                    -0.090162                    -0.083173             -0.114550              -0.115047          -0.115307               -0.018737               -0.019346          -0.019521          -0.101627                  -0.101627               -0.007251               0.057664             -0.007153          -0.101349                -0.091058                   0.014509             -0.091058              -0.035063               -0.011635     -0.062444        -0.041653    -0.015877              -0.058706              -0.069345       -0.041351        -0.042753    -0.098248          0.016564          0.009143    -0.031569    -0.038270            -0.038270          0.022550         0.059007        0.022941    -0.042806          -0.062444             0.017920       -0.062444          0.026481               -0.031248        -0.066836         -0.011162           0.291336        0.405942         1.000000     0.021912
Rest_tremor                       -0.027933          -0.049989      -0.050291                -0.050300                 0.059823         -0.011350          -0.024652      -0.035963           -0.022366           -0.013242       0.019266      -0.032543              -0.032695           -0.068102           0.063246         -0.068278      -0.041149         -0.051655          0.043130      -0.072198 -0.001298     -0.038568    -0.054079 -0.071335          -0.038572           0.068727    0.045798    -0.014963 -0.014971     -0.059199     -0.036106  0.039435 -0.057706        -0.050137    0.066560          -0.072420     -0.025879     0.077843   -0.025818 -0.054079   -0.071336    0.110486 -0.021000           -0.050950              -0.048641          -0.048511                    -0.051976                    -0.026809             -0.003427              -0.004554          -0.025487                0.110070                0.111670           0.030444          -0.047987                  -0.047987                0.037657               0.040453              0.037694          -0.048652                -0.050950                   0.085786             -0.050950              -0.065753                0.009625     -0.071336        -0.068959    -0.033826              -0.072578               0.003478       -0.031526        -0.031565    -0.036010          0.067994          0.061768    -0.022052    -0.061993            -0.061993         -0.000675         0.069994       -0.001285    -0.069154          -0.071336             0.067830       -0.071336         -0.077381               -0.081974        -0.027225          0.016781           0.440787        0.268305         0.021912     1.000000
Empty DataFrame
Columns: []
Index: [0, 1, 2, 3, 4, 5, 6, 7, 8, 9, 10, 11, 12, 13, 14, 15, 16, 17, 18, 19, 20, 21, 22, 23, 24, 25, 26, 27, 28, 29, 30, 31, 32, 33, 34, 35, 36, 37, 38, 39, 40, 41, 42, 43, 44, 45, 46, 47, 48, 49, 50, 51, 52, 53, 54, 55, 56, 57, 58, 59, 60, 61, 62, 63, 64, 65, 66, 67, 68, 69, 70, 71, 72, 73, 74, 75, 76, 77, 78, 79, 80, 81, 82, 83, 84, 85, 86, 87, 88, 89, 90, 91, 92, 93, 94, 95, 96, 97, 98, 99, ...]
